date,target
2025-01-01 00:00:00,101.98685661204493
2025-01-01 01:00:00,103.63021030668419
2025-01-01 02:00:00,110.69229946233519
2025-01-01 03:00:00,117.59999379411833
2025-01-01 04:00:00,113.25351480976468
2025-01-01 05:00:00,115.04889382694519
2025-01-01 06:00:00,123.10813241740317
2025-01-01 07:00:00,119.64214463611141
2025-01-01 08:00:00,113.48534315327812
2025-01-01 09:00:00,115.43574491336804
2025-01-01 10:00:00,108.58758022988644
2025-01-01 11:00:00,105.23887794364036
2025-01-01 12:00:00,104.46114636665077
2025-01-01 13:00:00,92.22682201908219
2025-01-01 14:00:00,89.62626059863507
2025-01-01 15:00:00,91.4282889866683
2025-01-01 16:00:00,87.49449141633292
2025-01-01 17:00:00,91.55015219118182
2025-01-01 18:00:00,86.38916316395428
2025-01-01 19:00:00,85.11539042233754
2025-01-01 20:00:00,98.35064153349727
2025-01-01 21:00:00,94.18604522277882
2025-01-01 22:00:00,98.67527796704161
2025-01-01 23:00:00,96.52509781804379
2025-01-02 00:00:00,104.12157569653586
2025-01-02 01:00:00,110.80906528902348
2025-01-02 02:00:00,109.55409518097211
2025-01-02 03:00:00,118.93319896176105
2025-01-02 04:00:00,117.56789338474125
2025-01-02 05:00:00,120.4487516811947
2025-01-02 06:00:00,119.85649291291719
2025-01-02 07:00:00,129.28791887856752
2025-01-02 08:00:00,120.44265512682493
2025-01-02 09:00:00,113.98794990491851
2025-01-02 10:00:00,118.49773963579936
2025-01-02 11:00:00,106.79114750868425
2025-01-02 12:00:00,108.70155977981211
2025-01-02 13:00:00,96.20809999676841
2025-01-02 14:00:00,95.16828907778685
2025-01-02 15:00:00,98.2027798490243
2025-01-02 16:00:00,98.01520686548507
2025-01-02 17:00:00,94.26693487417212
2025-01-02 18:00:00,92.61520265650863
2025-01-02 19:00:00,92.38075152829609
2025-01-02 20:00:00,89.15466170651578
2025-01-02 21:00:00,94.54707175569203
2025-01-02 22:00:00,98.6532964345055
2025-01-02 23:00:00,108.2937922033683
2025-01-03 00:00:00,109.26280592551309
2025-01-03 01:00:00,104.6482934158046
2025-01-03 02:00:00,116.53353235489402
2025-01-03 03:00:00,116.71180555024608
2025-01-03 04:00:00,117.82600163696311
2025-01-03 05:00:00,124.36626146954654
2025-01-03 06:00:00,126.43177218671092
2025-01-03 07:00:00,125.38880645296597
2025-01-03 08:00:00,116.66544190890033
2025-01-03 09:00:00,116.24912580358894
2025-01-03 10:00:00,115.54239619613202
2025-01-03 11:00:00,114.33053297977094
2025-01-03 12:00:00,104.44909174559398
2025-01-03 13:00:00,101.5518413198219
2025-01-03 14:00:00,94.05391647708637
2025-01-03 15:00:00,90.38211971446387
2025-01-03 16:00:00,95.81965009469047
2025-01-03 17:00:00,96.27477025050567
2025-01-03 18:00:00,89.82212844950246
2025-01-03 19:00:00,94.39990848339453
2025-01-03 20:00:00,93.08867859012788
2025-01-03 21:00:00,91.19698323871944
2025-01-03 22:00:00,98.07524206546964
2025-01-03 23:00:00,106.13952153956708
2025-01-04 00:00:00,103.46112996117765
2025-01-04 01:00:00,113.47521297964926
2025-01-04 02:00:00,100.08081654449019
2025-01-04 03:00:00,116.675365277479
2025-01-04 04:00:00,115.83738405216555
2025-01-04 05:00:00,115.5060359610723
2025-01-04 06:00:00,117.29168846619261
2025-01-04 07:00:00,108.17223476225638
2025-01-04 08:00:00,113.45221408446704
2025-01-04 09:00:00,113.08080254293331
2025-01-04 10:00:00,114.16130393853966
2025-01-04 11:00:00,102.26207364915646
2025-01-04 12:00:00,96.92161716055044
2025-01-04 13:00:00,93.96900044765712
2025-01-04 14:00:00,95.72306385548112
2025-01-04 15:00:00,89.97383532599882
2025-01-04 16:00:00,83.86124069336111
2025-01-04 17:00:00,86.24174245603983
2025-01-04 18:00:00,83.77484798158791
2025-01-04 19:00:00,87.48369774344214
2025-01-04 20:00:00,82.01377498952404
2025-01-04 21:00:00,85.61277929787717
2025-01-04 22:00:00,88.18295357086853
2025-01-04 23:00:00,87.24048499532465
2025-01-05 00:00:00,97.89123013488718
2025-01-05 01:00:00,101.36802895926269
2025-01-05 02:00:00,103.7019773273802
2025-01-05 03:00:00,105.59537235360581
2025-01-05 04:00:00,103.00756568610736
2025-01-05 05:00:00,108.2428249613585
2025-01-05 06:00:00,108.83015614231549
2025-01-05 07:00:00,106.25226393113753
2025-01-05 08:00:00,107.09649349246865
2025-01-05 09:00:00,106.76044036071794
2025-01-05 10:00:00,109.37667037597801
2025-01-05 11:00:00,98.71501716909658
2025-01-05 12:00:00,94.97559601016233
2025-01-05 13:00:00,89.58504700990025
2025-01-05 14:00:00,78.41875581253238
2025-01-05 15:00:00,82.7191523354557
2025-01-05 16:00:00,80.52979198221959
2025-01-05 17:00:00,88.50046561768633
2025-01-05 18:00:00,77.23396518839475
2025-01-05 19:00:00,79.59781619939773
2025-01-05 20:00:00,79.63864642723844
2025-01-05 21:00:00,77.38433632185684
2025-01-05 22:00:00,89.6452779249916
2025-01-05 23:00:00,91.61846123773788
2025-01-06 00:00:00,95.5869781651792
2025-01-06 01:00:00,92.60833002657476
2025-01-06 02:00:00,105.42650886964604
2025-01-06 03:00:00,97.27733030380632
2025-01-06 04:00:00,107.58986185146193
2025-01-06 05:00:00,115.48783933683299
2025-01-06 06:00:00,103.27124205766202
2025-01-06 07:00:00,104.46453047642302
2025-01-06 08:00:00,105.64844805909352
2025-01-06 09:00:00,100.88194562223381
2025-01-06 10:00:00,93.62749614660126
2025-01-06 11:00:00,96.53865455118296
2025-01-06 12:00:00,88.1958628895488
2025-01-06 13:00:00,90.53103075821879
2025-01-06 14:00:00,81.42592621992458
2025-01-06 15:00:00,88.29212714357439
2025-01-06 16:00:00,76.68152594912475
2025-01-06 17:00:00,77.14413093889188
2025-01-06 18:00:00,81.30193265189025
2025-01-06 19:00:00,73.77219919814272
2025-01-06 20:00:00,81.25057473824639
2025-01-06 21:00:00,88.10934727299764
2025-01-06 22:00:00,79.72318071534016
2025-01-06 23:00:00,90.68434364819151
2025-01-07 00:00:00,95.05160772660344
2025-01-07 01:00:00,101.21438406845795
2025-01-07 02:00:00,96.95821515244401
2025-01-07 03:00:00,99.94020626718432
2025-01-07 04:00:00,109.91090294890287
2025-01-07 05:00:00,110.73451660950039
2025-01-07 06:00:00,111.29189507959073
2025-01-07 07:00:00,111.40381312143354
2025-01-07 08:00:00,106.0452683602618
2025-01-07 09:00:00,107.5627588292582
2025-01-07 10:00:00,104.9575411087539
2025-01-07 11:00:00,97.5738344744275
2025-01-07 12:00:00,104.28098390843881
2025-01-07 13:00:00,95.10471786997215
2025-01-07 14:00:00,85.10471815429949
2025-01-07 15:00:00,89.67189283975749
2025-01-07 16:00:00,81.04921576631912
2025-01-07 17:00:00,86.8871158397164
2025-01-07 18:00:00,88.15428430490238
2025-01-07 19:00:00,81.0430122160976
2025-01-07 20:00:00,89.97455935256554
2025-01-07 21:00:00,90.45443248350607
2025-01-07 22:00:00,95.49787847429191
2025-01-07 23:00:00,103.71508756349328
2025-01-08 00:00:00,99.32963068023484
2025-01-08 01:00:00,101.47950599818532
2025-01-08 02:00:00,104.85467073567669
2025-01-08 03:00:00,108.55581637287078
2025-01-08 04:00:00,114.19290461524794
2025-01-08 05:00:00,117.66123269825484
2025-01-08 06:00:00,118.20922749694003
2025-01-08 07:00:00,120.19232185989026
2025-01-08 08:00:00,115.72643140877592
2025-01-08 09:00:00,119.39082419189977
2025-01-08 10:00:00,109.69380681243085
2025-01-08 11:00:00,118.2936567685262
2025-01-08 12:00:00,106.30714981569298
2025-01-08 13:00:00,96.76249591629464
2025-01-08 14:00:00,92.55354508068912
2025-01-08 15:00:00,95.91851190885131
2025-01-08 16:00:00,90.96314790061362
2025-01-08 17:00:00,93.46034798141545
2025-01-08 18:00:00,92.22539310857965
2025-01-08 19:00:00,90.78447272129759
2025-01-08 20:00:00,89.41205472978379
2025-01-08 21:00:00,89.34094467022786
2025-01-08 22:00:00,96.93028848426822
2025-01-08 23:00:00,105.96086888443782
2025-01-09 00:00:00,107.46666471540371
2025-01-09 01:00:00,105.6936029595824
2025-01-09 02:00:00,115.16197633831231
2025-01-09 03:00:00,119.28285955154
2025-01-09 04:00:00,116.74620154385826
2025-01-09 05:00:00,122.54161024839624
2025-01-09 06:00:00,122.80733737986513
2025-01-09 07:00:00,117.61810809345563
2025-01-09 08:00:00,122.23897661141612
2025-01-09 09:00:00,120.77311487046143
2025-01-09 10:00:00,119.85094810433407
2025-01-09 11:00:00,116.20091346095431
2025-01-09 12:00:00,102.66661107221117
2025-01-09 13:00:00,100.60666347687344
2025-01-09 14:00:00,102.85235748646159
2025-01-09 15:00:00,99.78166185344304
2025-01-09 16:00:00,97.43271443497397
2025-01-09 17:00:00,109.30357085627747
2025-01-09 18:00:00,95.67254097308061
2025-01-09 19:00:00,98.438612015622
2025-01-09 20:00:00,99.19593986620464
2025-01-09 21:00:00,100.34319673874042
2025-01-09 22:00:00,99.54595768402959
2025-01-09 23:00:00,107.41236332471202
2025-01-10 00:00:00,105.1082150533353
2025-01-10 01:00:00,111.06436275454173
2025-01-10 02:00:00,113.60692543024467
2025-01-10 03:00:00,118.89081437370304
2025-01-10 04:00:00,130.10350704912736
2025-01-10 05:00:00,114.76167868806243
2025-01-10 06:00:00,125.36399800247152
2025-01-10 07:00:00,115.52400563598891
2025-01-10 08:00:00,118.44576768287953
2025-01-10 09:00:00,122.15296083910964
2025-01-10 10:00:00,114.785645691146
2025-01-10 11:00:00,106.42855650381071
2025-01-10 12:00:00,103.81575700418165
2025-01-10 13:00:00,105.3240513664623
2025-01-10 14:00:00,95.86897299048823
2025-01-10 15:00:00,96.34396371336082
2025-01-10 16:00:00,93.06301730897528
2025-01-10 17:00:00,88.55459189004543
2025-01-10 18:00:00,98.99712843737146
2025-01-10 19:00:00,93.23263612534483
2025-01-10 20:00:00,83.85274728755326
2025-01-10 21:00:00,94.83446266046394
2025-01-10 22:00:00,94.29369692860872
2025-01-10 23:00:00,103.70829175713439
2025-01-11 00:00:00,100.74553430813289
2025-01-11 01:00:00,107.068875734772
2025-01-11 02:00:00,112.89092922101737
2025-01-11 03:00:00,117.16195918090494
2025-01-11 04:00:00,110.9991932952361
2025-01-11 05:00:00,115.67524356381833
2025-01-11 06:00:00,115.33604725965314
2025-01-11 07:00:00,113.82037663461145
2025-01-11 08:00:00,121.70390174118788
2025-01-11 09:00:00,113.58346224497662
2025-01-11 10:00:00,103.51737508647976
2025-01-11 11:00:00,108.31778545471644
2025-01-11 12:00:00,108.95539950442004
2025-01-11 13:00:00,100.41707280844628
2025-01-11 14:00:00,86.29515866510307
2025-01-11 15:00:00,87.03307774014141
2025-01-11 16:00:00,91.35910924942216
2025-01-11 17:00:00,81.66917800535762
2025-01-11 18:00:00,85.472998641027
2025-01-11 19:00:00,87.01883713927425
2025-01-11 20:00:00,81.4254486229675
2025-01-11 21:00:00,86.99650960426735
2025-01-11 22:00:00,77.09749996736723
2025-01-11 23:00:00,89.30817736676222
2025-01-12 00:00:00,96.00765956530266
2025-01-12 01:00:00,95.64385828693013
2025-01-12 02:00:00,110.52235186078319
2025-01-12 03:00:00,101.12433851951025
2025-01-12 04:00:00,107.22005385176739
2025-01-12 05:00:00,110.7595517058106
2025-01-12 06:00:00,116.27729050893338
2025-01-12 07:00:00,104.02910754755263
2025-01-12 08:00:00,112.70547449199884
2025-01-12 09:00:00,105.49635232178454
2025-01-12 10:00:00,98.21707531119037
2025-01-12 11:00:00,100.17630295906864
2025-01-12 12:00:00,95.05281637381161
2025-01-12 13:00:00,87.79314630857601
2025-01-12 14:00:00,86.68423215793506
2025-01-12 15:00:00,81.59513659405198
2025-01-12 16:00:00,81.05412366770685
2025-01-12 17:00:00,81.60720301007575
2025-01-12 18:00:00,84.65865945634701
2025-01-12 19:00:00,73.75154797900223
2025-01-12 20:00:00,88.62081014893087
2025-01-12 21:00:00,74.56188041849134
2025-01-12 22:00:00,84.77802943103548
2025-01-12 23:00:00,91.2751810771755
2025-01-13 00:00:00,93.85800099219352
2025-01-13 01:00:00,94.06626491071756
2025-01-13 02:00:00,99.29402576871894
2025-01-13 03:00:00,101.22391396058646
2025-01-13 04:00:00,103.1961575927303
2025-01-13 05:00:00,110.43560836592353
2025-01-13 06:00:00,108.9726324462913
2025-01-13 07:00:00,104.26926615803785
2025-01-13 08:00:00,109.15942524472233
2025-01-13 09:00:00,104.43622946645134
2025-01-13 10:00:00,103.39278149046801
2025-01-13 11:00:00,99.09410116389977
2025-01-13 12:00:00,89.4402808450113
2025-01-13 13:00:00,86.70712001913657
2025-01-13 14:00:00,88.4039807215993
2025-01-13 15:00:00,84.84505372948446
2025-01-13 16:00:00,80.0421158868595
2025-01-13 17:00:00,79.21286968119605
2025-01-13 18:00:00,83.46970650981164
2025-01-13 19:00:00,76.6405540527816
2025-01-13 20:00:00,82.84030766875635
2025-01-13 21:00:00,82.38318879037868
2025-01-13 22:00:00,85.59357198492252
2025-01-13 23:00:00,94.6520987662574
2025-01-14 00:00:00,97.62492508980809
2025-01-14 01:00:00,101.6523142695976
2025-01-14 02:00:00,107.43911636882
2025-01-14 03:00:00,105.61723123029878
2025-01-14 04:00:00,110.8621317158615
2025-01-14 05:00:00,108.61669403444019
2025-01-14 06:00:00,111.89777223240736
2025-01-14 07:00:00,109.80863121022125
2025-01-14 08:00:00,109.46453425079294
2025-01-14 09:00:00,109.32555528660822
2025-01-14 10:00:00,100.82355162687175
2025-01-14 11:00:00,109.1119723935212
2025-01-14 12:00:00,93.10499948210736
2025-01-14 13:00:00,88.66381487942054
2025-01-14 14:00:00,94.81355878135673
2025-01-14 15:00:00,90.52351232532024
2025-01-14 16:00:00,87.7556048596835
2025-01-14 17:00:00,86.56334260605004
2025-01-14 18:00:00,83.78209804173143
2025-01-14 19:00:00,81.04790714780746
2025-01-14 20:00:00,86.73545621260963
2025-01-14 21:00:00,86.40584507395802
2025-01-14 22:00:00,96.42129991223139
2025-01-14 23:00:00,95.85086925111503
2025-01-15 00:00:00,97.32037750132261
2025-01-15 01:00:00,103.52009043324952
2025-01-15 02:00:00,110.37563741552763
2025-01-15 03:00:00,109.87534244576295
2025-01-15 04:00:00,111.52361301488502
2025-01-15 05:00:00,117.58255678920219
2025-01-15 06:00:00,118.3935137283012
2025-01-15 07:00:00,115.16699930650798
2025-01-15 08:00:00,114.10145376303738
2025-01-15 09:00:00,114.8160707769474
2025-01-15 10:00:00,105.27127992363974
2025-01-15 11:00:00,102.0943081489078
2025-01-15 12:00:00,101.24188668386981
2025-01-15 13:00:00,99.64852067935875
2025-01-15 14:00:00,98.39192847957204
2025-01-15 15:00:00,100.20123025992314
2025-01-15 16:00:00,95.59882067897145
2025-01-15 17:00:00,90.27577502943974
2025-01-15 18:00:00,90.56756092292109
2025-01-15 19:00:00,87.37685405762014
2025-01-15 20:00:00,93.0363602023342
2025-01-15 21:00:00,94.55688215753702
2025-01-15 22:00:00,100.31840567813498
2025-01-15 23:00:00,99.53753307718097
2025-01-16 00:00:00,108.99885894009401
2025-01-16 01:00:00,117.11869687068679
2025-01-16 02:00:00,114.34539518532651
2025-01-16 03:00:00,119.65962006526685
2025-01-16 04:00:00,123.35339039975361
2025-01-16 05:00:00,120.63301108131718
2025-01-16 06:00:00,123.78205557756914
2025-01-16 07:00:00,122.55154203215164
2025-01-16 08:00:00,121.5097147084648
2025-01-16 09:00:00,115.74912077381299
2025-01-16 10:00:00,115.9279669729152
2025-01-16 11:00:00,114.28888156204286
2025-01-16 12:00:00,114.29304611946608
2025-01-16 13:00:00,108.50623008512102
2025-01-16 14:00:00,109.71612939191937
2025-01-16 15:00:00,94.9683109424884
2025-01-16 16:00:00,99.17298938087885
2025-01-16 17:00:00,94.93719606085838
2025-01-16 18:00:00,102.45937380742498
2025-01-16 19:00:00,90.97433945772535
2025-01-16 20:00:00,92.33222858775511
2025-01-16 21:00:00,95.6512442959873
2025-01-16 22:00:00,92.62263490959806
2025-01-16 23:00:00,102.58464950026215
2025-01-17 00:00:00,105.47416840951713
2025-01-17 01:00:00,112.92439547165314
2025-01-17 02:00:00,117.22658666891616
2025-01-17 03:00:00,126.37918431726769
2025-01-17 04:00:00,124.95775127942377
2025-01-17 05:00:00,120.23430798002616
2025-01-17 06:00:00,119.33648169982638
2025-01-17 07:00:00,124.25372895101991
2025-01-17 08:00:00,115.36374546220105
2025-01-17 09:00:00,125.43417665890388
2025-01-17 10:00:00,119.55746924189587
2025-01-17 11:00:00,109.1740161513555
2025-01-17 12:00:00,100.13561686910428
2025-01-17 13:00:00,108.33233301163162
2025-01-17 14:00:00,98.64346328059268
2025-01-17 15:00:00,100.74057774717313
2025-01-17 16:00:00,86.81420245842887
2025-01-17 17:00:00,89.07467633290004
2025-01-17 18:00:00,90.75351002318922
2025-01-17 19:00:00,91.19606555537807
2025-01-17 20:00:00,90.46423889251305
2025-01-17 21:00:00,96.89122827502257
2025-01-17 22:00:00,92.98154421439831
2025-01-17 23:00:00,100.04022362211083
2025-01-18 00:00:00,104.7079829329576
2025-01-18 01:00:00,109.89675998112092
2025-01-18 02:00:00,114.02862276169736
2025-01-18 03:00:00,109.51155318111933
2025-01-18 04:00:00,109.97510538476305
2025-01-18 05:00:00,122.43513893902254
2025-01-18 06:00:00,118.8762676964617
2025-01-18 07:00:00,113.7509305629265
2025-01-18 08:00:00,121.15787582639989
2025-01-18 09:00:00,112.73741708255052
2025-01-18 10:00:00,113.58928278432151
2025-01-18 11:00:00,105.22759473638426
2025-01-18 12:00:00,109.02094956014373
2025-01-18 13:00:00,103.619758280261
2025-01-18 14:00:00,91.68796507924927
2025-01-18 15:00:00,93.16748097967029
2025-01-18 16:00:00,89.18415159526258
2025-01-18 17:00:00,90.28556524220856
2025-01-18 18:00:00,80.14921023036803
2025-01-18 19:00:00,86.97568990979707
2025-01-18 20:00:00,89.67805160092445
2025-01-18 21:00:00,80.5108362270685
2025-01-18 22:00:00,85.64071842122667
2025-01-18 23:00:00,85.55998236530542
2025-01-19 00:00:00,96.25148797734329
2025-01-19 01:00:00,103.8163431822198
2025-01-19 02:00:00,110.31331799768701
2025-01-19 03:00:00,107.45246629727815
2025-01-19 04:00:00,115.8058771250868
2025-01-19 05:00:00,105.02736670805305
2025-01-19 06:00:00,104.00985073949462
2025-01-19 07:00:00,109.86154850093024
2025-01-19 08:00:00,109.90026442338255
2025-01-19 09:00:00,105.63582422957626
2025-01-19 10:00:00,94.18452465946913
2025-01-19 11:00:00,98.28259204821087
2025-01-19 12:00:00,89.3498827337446
2025-01-19 13:00:00,93.18388715677783
2025-01-19 14:00:00,88.18259994660866
2025-01-19 15:00:00,79.68805498043604
2025-01-19 16:00:00,78.8557697616015
2025-01-19 17:00:00,75.03300936868209
2025-01-19 18:00:00,78.37505894691928
2025-01-19 19:00:00,82.83456240056094
2025-01-19 20:00:00,76.45695560920991
2025-01-19 21:00:00,84.69760082289913
2025-01-19 22:00:00,83.57532248193428
2025-01-19 23:00:00,86.06160406643406
2025-01-20 00:00:00,92.61709522568141
2025-01-20 01:00:00,92.72727684456886
2025-01-20 02:00:00,98.22310069300553
2025-01-20 03:00:00,98.7155892731128
2025-01-20 04:00:00,113.7237002964192
2025-01-20 05:00:00,107.48943732997266
2025-01-20 06:00:00,105.05685161470713
2025-01-20 07:00:00,108.20800732626374
2025-01-20 08:00:00,105.4228966884723
2025-01-20 09:00:00,102.63433612905845
2025-01-20 10:00:00,102.90918295953216
2025-01-20 11:00:00,99.91679978064103
2025-01-20 12:00:00,90.94543944250398
2025-01-20 13:00:00,86.9557543615922
2025-01-20 14:00:00,84.62578265674595
2025-01-20 15:00:00,73.50707115305458
2025-01-20 16:00:00,74.3761411581682
2025-01-20 17:00:00,84.52224036198538
2025-01-20 18:00:00,85.2501009249094
2025-01-20 19:00:00,78.32187859414572
2025-01-20 20:00:00,83.26932914054554
2025-01-20 21:00:00,84.74814316253482
2025-01-20 22:00:00,99.09100317589859
2025-01-20 23:00:00,95.04647414829336
2025-01-21 00:00:00,94.12277247217914
2025-01-21 01:00:00,94.88729710743957
2025-01-21 02:00:00,96.10259900341882
2025-01-21 03:00:00,106.6582535514829
2025-01-21 04:00:00,105.42009999379079
2025-01-21 05:00:00,104.47992936666964
2025-01-21 06:00:00,108.32599842972984
2025-01-21 07:00:00,106.3141945574808
2025-01-21 08:00:00,116.13630007535875
2025-01-21 09:00:00,110.78266935690479
2025-01-21 10:00:00,104.37572693878546
2025-01-21 11:00:00,106.97338299058573
2025-01-21 12:00:00,97.74972538294314
2025-01-21 13:00:00,90.3866156695047
2025-01-21 14:00:00,96.58479474068136
2025-01-21 15:00:00,89.8236848684534
2025-01-21 16:00:00,81.42132411841537
2025-01-21 17:00:00,83.59978900090485
2025-01-21 18:00:00,80.63979526382641
2025-01-21 19:00:00,79.41690885413975
2025-01-21 20:00:00,120.64468236560329
2025-01-21 21:00:00,97.06334162613342
2025-01-21 22:00:00,87.23773382753025
2025-01-21 23:00:00,99.00215886813231
2025-01-22 00:00:00,98.33097915625177
2025-01-22 01:00:00,103.16831540904893
2025-01-22 02:00:00,106.66551904571588
2025-01-22 03:00:00,108.985460722506
2025-01-22 04:00:00,115.31776425317643
2025-01-22 05:00:00,113.59519062183675
2025-01-22 06:00:00,118.80665789123202
2025-01-22 07:00:00,117.30500271444238
2025-01-22 08:00:00,115.34099794229147
2025-01-22 09:00:00,110.56879952359692
2025-01-22 10:00:00,109.06771511160198
2025-01-22 11:00:00,111.05691129396331
2025-01-22 12:00:00,106.43051546362335
2025-01-22 13:00:00,96.90327145125822
2025-01-22 14:00:00,97.8568105831434
2025-01-22 15:00:00,97.61653702985852
2025-01-22 16:00:00,85.80174420592421
2025-01-22 17:00:00,93.4001530630595
2025-01-22 18:00:00,88.30431386299477
2025-01-22 19:00:00,93.9805493347904
2025-01-22 20:00:00,90.36855926438008
2025-01-22 21:00:00,88.80317145480578
2025-01-22 22:00:00,92.82854482949622
2025-01-22 23:00:00,103.34997978228223
2025-01-23 00:00:00,108.27154603426168
2025-01-23 01:00:00,107.68165786250528
2025-01-23 02:00:00,117.64598875850984
2025-01-23 03:00:00,111.71787607204135
2025-01-23 04:00:00,120.63967838256617
2025-01-23 05:00:00,117.705011314057
2025-01-23 06:00:00,120.58952436336519
2025-01-23 07:00:00,123.00195025853644
2025-01-23 08:00:00,117.98853999737996
2025-01-23 09:00:00,117.61412087656187
2025-01-23 10:00:00,120.16628065698366
2025-01-23 11:00:00,110.30050406321496
2025-01-23 12:00:00,112.14242328079274
2025-01-23 13:00:00,100.46150250639599
2025-01-23 14:00:00,103.53379941778091
2025-01-23 15:00:00,104.1151588209185
2025-01-23 16:00:00,86.1083119777333
2025-01-23 17:00:00,91.32743016026944
2025-01-23 18:00:00,96.3196337275228
2025-01-23 19:00:00,93.70653419922036
2025-01-23 20:00:00,97.48688259420985
2025-01-23 21:00:00,95.94405727514653
2025-01-23 22:00:00,101.77576010097532
2025-01-23 23:00:00,104.37614378966308
2025-01-24 00:00:00,113.49301044661738
2025-01-24 01:00:00,113.65168684319939
2025-01-24 02:00:00,117.52115655835476
2025-01-24 03:00:00,117.5381762401607
2025-01-24 04:00:00,119.51681417463597
2025-01-24 05:00:00,121.12287299564366
2025-01-24 06:00:00,124.81913209897937
2025-01-24 07:00:00,120.91329748595922
2025-01-24 08:00:00,122.1149608621156
2025-01-24 09:00:00,126.72112793431451
2025-01-24 10:00:00,118.63539071698376
2025-01-24 11:00:00,110.05780777534923
2025-01-24 12:00:00,112.10419381837028
2025-01-24 13:00:00,101.59572516713025
2025-01-24 14:00:00,91.2603076651382
2025-01-24 15:00:00,92.068150399856
2025-01-24 16:00:00,86.01992855374922
2025-01-24 17:00:00,90.37730563279624
2025-01-24 18:00:00,91.11739188532106
2025-01-24 19:00:00,98.02507557366656
2025-01-24 20:00:00,93.88339341773299
2025-01-24 21:00:00,93.83460957464355
2025-01-24 22:00:00,100.88083140090907
2025-01-24 23:00:00,92.07638347041049
2025-01-25 00:00:00,105.4804417827907
2025-01-25 01:00:00,111.23364856468022
2025-01-25 02:00:00,105.57900141046868
2025-01-25 03:00:00,118.89632086554478
2025-01-25 04:00:00,117.7767308419296
2025-01-25 05:00:00,115.97446314007165
2025-01-25 06:00:00,120.38932225721481
2025-01-25 07:00:00,126.1388312846166
2025-01-25 08:00:00,115.99191608879033
2025-01-25 09:00:00,113.57878403482685
2025-01-25 10:00:00,107.34583359415173
2025-01-25 11:00:00,101.86932647713093
2025-01-25 12:00:00,104.41048427103905
2025-01-25 13:00:00,93.485242751099
2025-01-25 14:00:00,93.28126976628945
2025-01-25 15:00:00,87.68175053303884
2025-01-25 16:00:00,88.82975024415396
2025-01-25 17:00:00,86.45687057747328
2025-01-25 18:00:00,88.47024699396638
2025-01-25 19:00:00,82.50260161863062
2025-01-25 20:00:00,84.67603705659903
2025-01-25 21:00:00,83.94192245387785
2025-01-25 22:00:00,88.90776257583157
2025-01-25 23:00:00,95.53729619277146
2025-01-26 00:00:00,100.66825292594936
2025-01-26 01:00:00,97.56869600657187
2025-01-26 02:00:00,108.09349661397195
2025-01-26 03:00:00,112.88982175506527
2025-01-26 04:00:00,111.25633769994272
2025-01-26 05:00:00,118.36613893539119
2025-01-26 06:00:00,108.03940684474735
2025-01-26 07:00:00,105.41630362751735
2025-01-26 08:00:00,101.56030477625477
2025-01-26 09:00:00,112.06196361215567
2025-01-26 10:00:00,105.38293882929116
2025-01-26 11:00:00,98.72791666686669
2025-01-26 12:00:00,95.99881838528977
2025-01-26 13:00:00,86.31442391651045
2025-01-26 14:00:00,96.81039802493486
2025-01-26 15:00:00,84.27564199789268
2025-01-26 16:00:00,81.65999975361414
2025-01-26 17:00:00,82.48411309607911
2025-01-26 18:00:00,80.86099540720515
2025-01-26 19:00:00,80.22071235991883
2025-01-26 20:00:00,77.54914511701723
2025-01-26 21:00:00,84.87847133361815
2025-01-26 22:00:00,93.53563408557059
2025-01-26 23:00:00,94.92595872434977
2025-01-27 00:00:00,99.72914631630344
2025-01-27 01:00:00,95.13456657276785
2025-01-27 02:00:00,96.79046177760638
2025-01-27 03:00:00,103.31513630731601
2025-01-27 04:00:00,106.3988825581546
2025-01-27 05:00:00,112.03633234021594
2025-01-27 06:00:00,101.39707827206455
2025-01-27 07:00:00,113.7814721054157
2025-01-27 08:00:00,105.5513604371661
2025-01-27 09:00:00,102.12187339164795
2025-01-27 10:00:00,96.71528180256406
2025-01-27 11:00:00,90.578525397235
2025-01-27 12:00:00,96.67130951304001
2025-01-27 13:00:00,89.86348233717102
2025-01-27 14:00:00,80.87732899063477
2025-01-27 15:00:00,77.84562386798889
2025-01-27 16:00:00,79.40494975404822
2025-01-27 17:00:00,86.04201253761116
2025-01-27 18:00:00,77.94304780969621
2025-01-27 19:00:00,73.61663408414518
2025-01-27 20:00:00,80.29131217622502
2025-01-27 21:00:00,82.72343140961625
2025-01-27 22:00:00,76.29911651455778
2025-01-27 23:00:00,90.66217818073025
2025-01-28 00:00:00,94.02188786151392
2025-01-28 01:00:00,101.80546747334137
2025-01-28 02:00:00,110.23539180847655
2025-01-28 03:00:00,110.6618422704513
2025-01-28 04:00:00,107.68113135695496
2025-01-28 05:00:00,106.05402371434003
2025-01-28 06:00:00,121.51691232394573
2025-01-28 07:00:00,111.18844345224267
2025-01-28 08:00:00,109.75463384696678
2025-01-28 09:00:00,107.47079312491313
2025-01-28 10:00:00,105.5111396913698
2025-01-28 11:00:00,100.78734793157633
2025-01-28 12:00:00,95.45678726907818
2025-01-28 13:00:00,91.95549985410227
2025-01-28 14:00:00,90.67246849498521
2025-01-28 15:00:00,85.80552875342644
2025-01-28 16:00:00,83.03010874925877
2025-01-28 17:00:00,85.09804776825325
2025-01-28 18:00:00,83.43354255192837
2025-01-28 19:00:00,91.27526287657415
2025-01-28 20:00:00,76.45072503475545
2025-01-28 21:00:00,94.10288561618898
2025-01-28 22:00:00,98.12752803704319
2025-01-28 23:00:00,88.76790413598363
2025-01-29 00:00:00,99.8739822006639
2025-01-29 01:00:00,103.94223662437119
2025-01-29 02:00:00,103.71623110804629
2025-01-29 03:00:00,109.64134019510836
2025-01-29 04:00:00,110.99255750378015
2025-01-29 05:00:00,124.23925600542172
2025-01-29 06:00:00,121.77872730494884
2025-01-29 07:00:00,122.90335867646185
2025-01-29 08:00:00,119.49466153017624
2025-01-29 09:00:00,109.99403023114081
2025-01-29 10:00:00,109.58790251300304
2025-01-29 11:00:00,110.30402777981844
2025-01-29 12:00:00,99.84951862180453
2025-01-29 13:00:00,103.97666929538846
2025-01-29 14:00:00,96.80936291304009
2025-01-29 15:00:00,93.42288845041912
2025-01-29 16:00:00,95.63438834747006
2025-01-29 17:00:00,93.31494868373039
2025-01-29 18:00:00,89.82212737974822
2025-01-29 19:00:00,96.64665701812108
2025-01-29 20:00:00,89.40852572439682
2025-01-29 21:00:00,98.79762542948713
2025-01-29 22:00:00,102.022302757149
2025-01-29 23:00:00,102.23063738262695
2025-01-30 00:00:00,108.84837126059003
2025-01-30 01:00:00,106.60565320162834
2025-01-30 02:00:00,119.09891014447419
2025-01-30 03:00:00,117.93553091959178
2025-01-30 04:00:00,119.12428863932556
2025-01-30 05:00:00,127.05629616070084
2025-01-30 06:00:00,120.69067717664915
2025-01-30 07:00:00,117.48969353206303
2025-01-30 08:00:00,115.51485990866658
2025-01-30 09:00:00,121.88756600311017
2025-01-30 10:00:00,111.33057515438688
2025-01-30 11:00:00,119.9384314134915
2025-01-30 12:00:00,100.78312034524336
2025-01-30 13:00:00,112.07733854243311
2025-01-30 14:00:00,102.56983571917672
2025-01-30 15:00:00,98.27321503505176
2025-01-30 16:00:00,94.12639677525308
2025-01-30 17:00:00,96.42273878380593
2025-01-30 18:00:00,94.1719895533476
2025-01-30 19:00:00,99.24310641570483
2025-01-30 20:00:00,96.77039283961906
2025-01-30 21:00:00,99.27238821210359
2025-01-30 22:00:00,100.28613524647454
2025-01-30 23:00:00,105.08225338059377
2025-01-31 00:00:00,110.36427241979301
2025-01-31 01:00:00,106.10451304361426
2025-01-31 02:00:00,111.08918736587697
2025-01-31 03:00:00,122.46992362498769
2025-01-31 04:00:00,122.461883967684
2025-01-31 05:00:00,122.42835554575774
2025-01-31 06:00:00,123.6262424059741
2025-01-31 07:00:00,124.29874537493323
2025-01-31 08:00:00,119.10800585753891
2025-01-31 09:00:00,115.61748898237028
2025-01-31 10:00:00,116.2454560678938
2025-01-31 11:00:00,107.75959393780694
2025-01-31 12:00:00,109.24353229681844
2025-01-31 13:00:00,96.72887538651159
2025-01-31 14:00:00,103.84061149939829
2025-01-31 15:00:00,98.30206871742422
2025-01-31 16:00:00,94.8383983193548
2025-01-31 17:00:00,96.02530664898978
2025-01-31 18:00:00,98.01679929065952
2025-01-31 19:00:00,95.68798972888438
2025-01-31 20:00:00,85.52337014159603
2025-01-31 21:00:00,89.90388696718273
2025-01-31 22:00:00,95.37511790963865
2025-01-31 23:00:00,101.3364720515316
2025-02-01 00:00:00,106.91980277647917
2025-02-01 01:00:00,105.5583956807647
2025-02-01 02:00:00,112.55159659574295
2025-02-01 03:00:00,111.61095610755007
2025-02-01 04:00:00,114.28785714423064
2025-02-01 05:00:00,112.32015355252828
2025-02-01 06:00:00,114.47644495259243
2025-02-01 07:00:00,111.9605045751801
2025-02-01 08:00:00,111.67214120089321
2025-02-01 09:00:00,117.11165202030303
2025-02-01 10:00:00,105.69686478123137
2025-02-01 11:00:00,116.10941535858657
2025-02-01 12:00:00,103.37359575263211
2025-02-01 13:00:00,97.96010569376045
2025-02-01 14:00:00,89.8727568409335
2025-02-01 15:00:00,92.7048029819814
2025-02-01 16:00:00,84.92246278046349
2025-02-01 17:00:00,85.92144455915333
2025-02-01 18:00:00,94.87160851425637
2025-02-01 19:00:00,84.46961075939741
2025-02-01 20:00:00,90.6638132471615
2025-02-01 21:00:00,85.35545476075009
2025-02-01 22:00:00,90.85616479839443
2025-02-01 23:00:00,101.42247990738073
2025-02-02 00:00:00,95.44361337246313
2025-02-02 01:00:00,108.81833467951591
2025-02-02 02:00:00,107.7572638196178
2025-02-02 03:00:00,105.52858636051462
2025-02-02 04:00:00,112.4434121875165
2025-02-02 05:00:00,115.0603566279122
2025-02-02 06:00:00,113.93298663427676
2025-02-02 07:00:00,104.4252067054476
2025-02-02 08:00:00,106.07782021281882
2025-02-02 09:00:00,105.39889496823939
2025-02-02 10:00:00,102.77892563172121
2025-02-02 11:00:00,101.7441268849573
2025-02-02 12:00:00,95.90093102799
2025-02-02 13:00:00,85.78618581510959
2025-02-02 14:00:00,88.85936465473786
2025-02-02 15:00:00,86.51228339537352
2025-02-02 16:00:00,83.77276551116516
2025-02-02 17:00:00,84.2153526469491
2025-02-02 18:00:00,82.58383024270027
2025-02-02 19:00:00,81.47307972396237
2025-02-02 20:00:00,80.74156323721
2025-02-02 21:00:00,76.65993731525646
2025-02-02 22:00:00,88.03719212044706
2025-02-02 23:00:00,90.68621243262854
2025-02-03 00:00:00,94.75389830277398
2025-02-03 01:00:00,92.38361811945799
2025-02-03 02:00:00,96.7358380412539
2025-02-03 03:00:00,108.34207854529218
2025-02-03 04:00:00,106.3289454378197
2025-02-03 05:00:00,110.69675220006893
2025-02-03 06:00:00,108.59139343969203
2025-02-03 07:00:00,108.09347852980262
2025-02-03 08:00:00,110.24771039963225
2025-02-03 09:00:00,102.0764019028146
2025-02-03 10:00:00,101.45936555561549
2025-02-03 11:00:00,95.66003407412397
2025-02-03 12:00:00,91.95182541170958
2025-02-03 13:00:00,88.64470511878892
2025-02-03 14:00:00,87.2368908203803
2025-02-03 15:00:00,81.4221276138356
2025-02-03 16:00:00,86.08229619774923
2025-02-03 17:00:00,76.09868037182208
2025-02-03 18:00:00,78.54510978275154
2025-02-03 19:00:00,78.18146480776721
2025-02-03 20:00:00,87.3733791142302
2025-02-03 21:00:00,84.91172793889947
2025-02-03 22:00:00,91.52522438844522
2025-02-03 23:00:00,85.24829929889984
2025-02-04 00:00:00,96.32501019007188
2025-02-04 01:00:00,102.89034834082764
2025-02-04 02:00:00,103.47988653004347
2025-02-04 03:00:00,110.72868679676823
2025-02-04 04:00:00,106.99871546301908
2025-02-04 05:00:00,116.42870025429521
2025-02-04 06:00:00,120.73024874966964
2025-02-04 07:00:00,109.81139861867248
2025-02-04 08:00:00,108.22808973795813
2025-02-04 09:00:00,113.69201452607041
2025-02-04 10:00:00,111.34827237546733
2025-02-04 11:00:00,99.58453261490551
2025-02-04 12:00:00,96.38187117246217
2025-02-04 13:00:00,93.32698032786831
2025-02-04 14:00:00,85.73686267595856
2025-02-04 15:00:00,84.61580319627086
2025-02-04 16:00:00,82.17611195720556
2025-02-04 17:00:00,81.91231974131543
2025-02-04 18:00:00,84.62589501631102
2025-02-04 19:00:00,86.5073329966358
2025-02-04 20:00:00,93.5677893838301
2025-02-04 21:00:00,86.05462518979024
2025-02-04 22:00:00,97.39166000520561
2025-02-04 23:00:00,96.51669283296043
2025-02-05 00:00:00,101.35806088262221
2025-02-05 01:00:00,108.43846120126699
2025-02-05 02:00:00,105.16657294491462
2025-02-05 03:00:00,114.5934290744543
2025-02-05 04:00:00,116.41185286274197
2025-02-05 05:00:00,119.51116243200626
2025-02-05 06:00:00,119.50387145223661
2025-02-05 07:00:00,127.94952200037507
2025-02-05 08:00:00,114.36819648124445
2025-02-05 09:00:00,112.69743264024893
2025-02-05 10:00:00,109.50460461666918
2025-02-05 11:00:00,106.43580420251223
2025-02-05 12:00:00,102.49966449239228
2025-02-05 13:00:00,106.19192484337559
2025-02-05 14:00:00,103.76386464187814
2025-02-05 15:00:00,92.95036964986606
2025-02-05 16:00:00,89.77230932648564
2025-02-05 17:00:00,93.73474080757813
2025-02-05 18:00:00,89.368283010147
2025-02-05 19:00:00,94.85224821993252
2025-02-05 20:00:00,94.85565426244791
2025-02-05 21:00:00,90.5820896859674
2025-02-05 22:00:00,106.15110167484195
2025-02-05 23:00:00,110.96351697651122
2025-02-06 00:00:00,105.40386755393065
2025-02-06 01:00:00,110.37048441167185
2025-02-06 02:00:00,116.85744677479282
2025-02-06 03:00:00,120.32414976955812
2025-02-06 04:00:00,124.16054095633932
2025-02-06 05:00:00,131.212260556665
2025-02-06 06:00:00,123.11144617309033
2025-02-06 07:00:00,120.24153288360975
2025-02-06 08:00:00,116.5352828349505
2025-02-06 09:00:00,116.85098918220606
2025-02-06 10:00:00,116.63096781712328
2025-02-06 11:00:00,120.40866928387167
2025-02-06 12:00:00,107.35157592488005
2025-02-06 13:00:00,106.49784802007503
2025-02-06 14:00:00,101.97125741032136
2025-02-06 15:00:00,103.72482372057212
2025-02-06 16:00:00,106.72498597022957
2025-02-06 17:00:00,93.01390237896274
2025-02-06 18:00:00,92.67595373722047
2025-02-06 19:00:00,99.31772554016125
2025-02-06 20:00:00,99.35223134772244
2025-02-06 21:00:00,106.36919361344677
2025-02-06 22:00:00,104.38747998088006
2025-02-06 23:00:00,104.18405065657645
2025-02-07 00:00:00,111.80686781124024
2025-02-07 01:00:00,117.69118408081863
2025-02-07 02:00:00,120.07504092333588
2025-02-07 03:00:00,121.83714651757226
2025-02-07 04:00:00,126.35630411777535
2025-02-07 05:00:00,128.15265439719747
2025-02-07 06:00:00,129.392325782109
2025-02-07 07:00:00,125.8144412480915
2025-02-07 08:00:00,120.90975540175539
2025-02-07 09:00:00,119.62874577395894
2025-02-07 10:00:00,120.59929405778296
2025-02-07 11:00:00,108.7165255085642
2025-02-07 12:00:00,109.39639765369864
2025-02-07 13:00:00,102.27703769839998
2025-02-07 14:00:00,100.15015138608146
2025-02-07 15:00:00,101.8366693824477
2025-02-07 16:00:00,94.8898587984251
2025-02-07 17:00:00,92.59147205007883
2025-02-07 18:00:00,86.22666009313589
2025-02-07 19:00:00,94.92670687716706
2025-02-07 20:00:00,95.77998693573319
2025-02-07 21:00:00,103.98639687159361
2025-02-07 22:00:00,96.95446242485558
2025-02-07 23:00:00,102.4198923055907
2025-02-08 00:00:00,106.15788457369192
2025-02-08 01:00:00,115.0823671966791
2025-02-08 02:00:00,111.73453055253309
2025-02-08 03:00:00,116.05975708429098
2025-02-08 04:00:00,119.4766975393107
2025-02-08 05:00:00,119.00441757679293
2025-02-08 06:00:00,116.69482662308029
2025-02-08 07:00:00,118.45478611348503
2025-02-08 08:00:00,120.18134435648778
2025-02-08 09:00:00,109.10220678047388
2025-02-08 10:00:00,110.33752217739314
2025-02-08 11:00:00,103.09058698372637
2025-02-08 12:00:00,106.49169380905438
2025-02-08 13:00:00,91.43919672409191
2025-02-08 14:00:00,91.3816837168185
2025-02-08 15:00:00,91.7235941088503
2025-02-08 16:00:00,93.79829334659837
2025-02-08 17:00:00,85.48158740052632
2025-02-08 18:00:00,82.72165539865472
2025-02-08 19:00:00,92.68966178030468
2025-02-08 20:00:00,80.58584748460032
2025-02-08 21:00:00,79.68411977901958
2025-02-08 22:00:00,93.06735970484182
2025-02-08 23:00:00,92.64224361167443
2025-02-09 00:00:00,94.17773347933755
2025-02-09 01:00:00,104.71314938097228
2025-02-09 02:00:00,106.21264207712659
2025-02-09 03:00:00,105.83332208539136
2025-02-09 04:00:00,105.10374678085712
2025-02-09 05:00:00,114.97115128677218
2025-02-09 06:00:00,114.35773464148895
2025-02-09 07:00:00,110.62058527413828
2025-02-09 08:00:00,116.68410004455515
2025-02-09 09:00:00,102.4198135893872
2025-02-09 10:00:00,97.28574180866852
2025-02-09 11:00:00,96.8049893594761
2025-02-09 12:00:00,95.3189661030815
2025-02-09 13:00:00,92.4121041914877
2025-02-09 14:00:00,86.68481216353514
2025-02-09 15:00:00,85.78934514454153
2025-02-09 16:00:00,76.83862916692567
2025-02-09 17:00:00,85.9784713052699
2025-02-09 18:00:00,79.23072005518074
2025-02-09 19:00:00,84.41672587764747
2025-02-09 20:00:00,82.70431061280188
2025-02-09 21:00:00,85.4419770701818
2025-02-09 22:00:00,88.90897150909213
2025-02-09 23:00:00,91.95747906829158
2025-02-10 00:00:00,96.54965713770846
2025-02-10 01:00:00,103.11840568751516
2025-02-10 02:00:00,102.15733202593907
2025-02-10 03:00:00,107.27666530656118
2025-02-10 04:00:00,106.4394064203437
2025-02-10 05:00:00,114.04240141662277
2025-02-10 06:00:00,106.08373387117945
2025-02-10 07:00:00,115.4893988477093
2025-02-10 08:00:00,106.64512651739732
2025-02-10 09:00:00,98.72866355145834
2025-02-10 10:00:00,101.89848325174084
2025-02-10 11:00:00,95.09611174329108
2025-02-10 12:00:00,97.3635676616398
2025-02-10 13:00:00,87.58208083970038
2025-02-10 14:00:00,84.8748051452328
2025-02-10 15:00:00,76.09014232095382
2025-02-10 16:00:00,79.56122956270526
2025-02-10 17:00:00,70.29277541843054
2025-02-10 18:00:00,73.26816820970043
2025-02-10 19:00:00,83.29323080968746
2025-02-10 20:00:00,85.0398513556649
2025-02-10 21:00:00,86.13852222423958
2025-02-10 22:00:00,83.84112480230004
2025-02-10 23:00:00,91.31087851072645
2025-02-11 00:00:00,95.5535821144788
2025-02-11 01:00:00,95.00954954580996
2025-02-11 02:00:00,109.4755269242566
2025-02-11 03:00:00,110.2873976030558
2025-02-11 04:00:00,108.49519571234843
2025-02-11 05:00:00,111.21003699377732
2025-02-11 06:00:00,112.67937063122919
2025-02-11 07:00:00,103.40699653098034
2025-02-11 08:00:00,109.33257343772522
2025-02-11 09:00:00,105.46172276985484
2025-02-11 10:00:00,101.33468689721131
2025-02-11 11:00:00,100.86275469622083
2025-02-11 12:00:00,105.56454769249015
2025-02-11 13:00:00,97.32867335262442
2025-02-11 14:00:00,89.14113190521097
2025-02-11 15:00:00,90.89192525187873
2025-02-11 16:00:00,92.10127991480421
2025-02-11 17:00:00,88.99322787762938
2025-02-11 18:00:00,85.31433918978522
2025-02-11 19:00:00,83.29391009991375
2025-02-11 20:00:00,90.46986381127465
2025-02-11 21:00:00,91.93316603867869
2025-02-11 22:00:00,97.34632643565645
2025-02-11 23:00:00,100.22451856083697
2025-02-12 00:00:00,106.06530972675552
2025-02-12 01:00:00,103.90942553060498
2025-02-12 02:00:00,115.23822043794736
2025-02-12 03:00:00,114.1653716527336
2025-02-12 04:00:00,124.35827066463705
2025-02-12 05:00:00,115.09578924786172
2025-02-12 06:00:00,125.60223523351269
2025-02-12 07:00:00,119.23114771882845
2025-02-12 08:00:00,114.6246675480381
2025-02-12 09:00:00,113.19706026828534
2025-02-12 10:00:00,111.0269606338374
2025-02-12 11:00:00,110.6655596090074
2025-02-12 12:00:00,107.45173809800687
2025-02-12 13:00:00,99.45224184743714
2025-02-12 14:00:00,98.29561242512194
2025-02-12 15:00:00,104.11361940355755
2025-02-12 16:00:00,100.32308744355183
2025-02-12 17:00:00,93.90555640497503
2025-02-12 18:00:00,92.04037224419004
2025-02-12 19:00:00,93.11182940002985
2025-02-12 20:00:00,96.80921721421088
2025-02-12 21:00:00,92.86507902940899
2025-02-12 22:00:00,99.24275786407495
2025-02-12 23:00:00,97.41685313286503
2025-02-13 00:00:00,109.76309795053552
2025-02-13 01:00:00,114.82125755447292
2025-02-13 02:00:00,114.09242250694194
2025-02-13 03:00:00,125.59345280701672
2025-02-13 04:00:00,116.93448435788493
2025-02-13 05:00:00,117.62512602500674
2025-02-13 06:00:00,125.02822550155277
2025-02-13 07:00:00,127.93429821645857
2025-02-13 08:00:00,129.0994536570863
2025-02-13 09:00:00,118.25035543474445
2025-02-13 10:00:00,121.38938218658976
2025-02-13 11:00:00,113.38758709604416
2025-02-13 12:00:00,109.04269506550835
2025-02-13 13:00:00,109.44851910771261
2025-02-13 14:00:00,104.9574236525125
2025-02-13 15:00:00,92.97686514308893
2025-02-13 16:00:00,102.83460080988507
2025-02-13 17:00:00,100.96892603148012
2025-02-13 18:00:00,92.44264384550159
2025-02-13 19:00:00,97.03547930988093
2025-02-13 20:00:00,98.91196927859443
2025-02-13 21:00:00,100.33624251804451
2025-02-13 22:00:00,100.1617297684411
2025-02-13 23:00:00,103.2459086922179
2025-02-14 00:00:00,109.65321534875187
2025-02-14 01:00:00,118.25846897977067
2025-02-14 02:00:00,119.2786959611704
2025-02-14 03:00:00,118.63677620904491
2025-02-14 04:00:00,125.4875833462584
2025-02-14 05:00:00,112.3924846971409
2025-02-14 06:00:00,128.76993576369367
2025-02-14 07:00:00,116.57192972686681
2025-02-14 08:00:00,120.43964710165667
2025-02-14 09:00:00,114.87439459396754
2025-02-14 10:00:00,110.90571543311242
2025-02-14 11:00:00,116.9387584862737
2025-02-14 12:00:00,106.36208275720557
2025-02-14 13:00:00,105.54759161887876
2025-02-14 14:00:00,100.15867292307155
2025-02-14 15:00:00,98.94220838515743
2025-02-14 16:00:00,94.74393323483292
2025-02-14 17:00:00,87.58494010494626
2025-02-14 18:00:00,95.96233507909047
2025-02-14 19:00:00,90.27784942465935
2025-02-14 20:00:00,87.28290576077619
2025-02-14 21:00:00,93.93210047875414
2025-02-14 22:00:00,104.49979767145109
2025-02-14 23:00:00,105.25536110763512
2025-02-15 00:00:00,104.07692444546412
2025-02-15 01:00:00,107.68670640459771
2025-02-15 02:00:00,111.14035562145799
2025-02-15 03:00:00,123.5618460596992
2025-02-15 04:00:00,118.88403645361703
2025-02-15 05:00:00,120.2893308171781
2025-02-15 06:00:00,122.91287804165613
2025-02-15 07:00:00,118.94476592224413
2025-02-15 08:00:00,115.16183191801231
2025-02-15 09:00:00,112.73405172602435
2025-02-15 10:00:00,109.83042158739586
2025-02-15 11:00:00,106.05336444169018
2025-02-15 12:00:00,104.93320861214943
2025-02-15 13:00:00,98.0509110307027
2025-02-15 14:00:00,96.85911455901325
2025-02-15 15:00:00,90.20306343240433
2025-02-15 16:00:00,88.1619211351716
2025-02-15 17:00:00,78.06296885093623
2025-02-15 18:00:00,88.9189473484838
2025-02-15 19:00:00,86.8621705503806
2025-02-15 20:00:00,90.68112666995017
2025-02-15 21:00:00,77.2055052369717
2025-02-15 22:00:00,99.97198386799764
2025-02-15 23:00:00,94.40328514071084
2025-02-16 00:00:00,103.0065791590567
2025-02-16 01:00:00,98.03128302751895
2025-02-16 02:00:00,107.99971798653868
2025-02-16 03:00:00,104.1871574998899
2025-02-16 04:00:00,108.041071677004
2025-02-16 05:00:00,119.44863053336503
2025-02-16 06:00:00,111.30538347084726
2025-02-16 07:00:00,112.19820336622111
2025-02-16 08:00:00,113.08900612736593
2025-02-16 09:00:00,108.99406335082841
2025-02-16 10:00:00,104.30070125718825
2025-02-16 11:00:00,101.34364879311202
2025-02-16 12:00:00,105.42615565370306
2025-02-16 13:00:00,91.51945435030908
2025-02-16 14:00:00,88.76533572606681
2025-02-16 15:00:00,88.89492428676125
2025-02-16 16:00:00,86.57807373976557
2025-02-16 17:00:00,85.26271725546479
2025-02-16 18:00:00,82.42542880111411
2025-02-16 19:00:00,75.68670604461934
2025-02-16 20:00:00,88.17831850074172
2025-02-16 21:00:00,79.34076576573817
2025-02-16 22:00:00,88.15162739336567
2025-02-16 23:00:00,87.46072457239153
2025-02-17 00:00:00,94.03339585611253
2025-02-17 01:00:00,99.42802835244599
2025-02-17 02:00:00,102.96785935318051
2025-02-17 03:00:00,106.43951643739452
2025-02-17 04:00:00,113.56437741797349
2025-02-17 05:00:00,110.40725290512711
2025-02-17 06:00:00,108.1238596825003
2025-02-17 07:00:00,112.45316893346583
2025-02-17 08:00:00,111.87482341991944
2025-02-17 09:00:00,99.85251584362902
2025-02-17 10:00:00,104.08684901574357
2025-02-17 11:00:00,100.93619248668068
2025-02-17 12:00:00,93.12192259649143
2025-02-17 13:00:00,96.00658715440248
2025-02-17 14:00:00,86.37049967420829
2025-02-17 15:00:00,84.46179420286826
2025-02-17 16:00:00,80.9893506868125
2025-02-17 17:00:00,80.36179205951863
2025-02-17 18:00:00,75.52986230030886
2025-02-17 19:00:00,74.80255179897951
2025-02-17 20:00:00,88.58585411820796
2025-02-17 21:00:00,81.36002972807238
2025-02-17 22:00:00,84.05464312123753
2025-02-17 23:00:00,83.19934662512532
2025-02-18 00:00:00,93.32332842432972
2025-02-18 01:00:00,94.66183227319678
2025-02-18 02:00:00,110.3411775019801
2025-02-18 03:00:00,111.1283999423702
2025-02-18 04:00:00,106.93763417120225
2025-02-18 05:00:00,120.42342000342286
2025-02-18 06:00:00,116.08408449165175
2025-02-18 07:00:00,110.58579361488928
2025-02-18 08:00:00,100.63484325255953
2025-02-18 09:00:00,117.66461319645575
2025-02-18 10:00:00,100.09406021398269
2025-02-18 11:00:00,95.71674402418398
2025-02-18 12:00:00,102.7752664573767
2025-02-18 13:00:00,104.83549467716037
2025-02-18 14:00:00,97.27412228263032
2025-02-18 15:00:00,91.16841375090968
2025-02-18 16:00:00,89.19405867936798
2025-02-18 17:00:00,89.01953852534582
2025-02-18 18:00:00,88.42271521349794
2025-02-18 19:00:00,87.31760605085995
2025-02-18 20:00:00,88.4049581168738
2025-02-18 21:00:00,90.42003512964017
2025-02-18 22:00:00,91.06087834432543
2025-02-18 23:00:00,96.87231419088779
2025-02-19 00:00:00,95.40645475294326
2025-02-19 01:00:00,105.96819101391405
2025-02-19 02:00:00,106.32546289105301
2025-02-19 03:00:00,109.27179910934747
2025-02-19 04:00:00,117.08798692299641
2025-02-19 05:00:00,123.73173280984481
2025-02-19 06:00:00,122.6428295891073
2025-02-19 07:00:00,112.46868531473163
2025-02-19 08:00:00,113.58301016046123
2025-02-19 09:00:00,119.20687150070164
2025-02-19 10:00:00,108.68958343670755
2025-02-19 11:00:00,108.38154636765769
2025-02-19 12:00:00,107.87178768620915
2025-02-19 13:00:00,98.1848471879838
2025-02-19 14:00:00,99.12571596299583
2025-02-19 15:00:00,90.51961913368402
2025-02-19 16:00:00,91.3186273315903
2025-02-19 17:00:00,93.75057260709534
2025-02-19 18:00:00,85.82756654163687
2025-02-19 19:00:00,94.70478618924483
2025-02-19 20:00:00,94.58777727182856
2025-02-19 21:00:00,99.47739225211774
2025-02-19 22:00:00,101.47910369427284
2025-02-19 23:00:00,109.8589342925174
2025-02-20 00:00:00,108.9782866149527
2025-02-20 01:00:00,110.82603477540677
2025-02-20 02:00:00,116.82554151251516
2025-02-20 03:00:00,121.7818810142481
2025-02-20 04:00:00,122.34417043544362
2025-02-20 05:00:00,123.95617545490774
2025-02-20 06:00:00,121.6336346203322
2025-02-20 07:00:00,121.40548448005242
2025-02-20 08:00:00,117.06450494830267
2025-02-20 09:00:00,127.3953826032141
2025-02-20 10:00:00,112.41038905554629
2025-02-20 11:00:00,111.08118332710944
2025-02-20 12:00:00,107.17075834724089
2025-02-20 13:00:00,109.80476000978975
2025-02-20 14:00:00,101.47951656993682
2025-02-20 15:00:00,104.58458520596761
2025-02-20 16:00:00,94.54566005825266
2025-02-20 17:00:00,96.87572040803201
2025-02-20 18:00:00,91.91468958274703
2025-02-20 19:00:00,104.34404483147128
2025-02-20 20:00:00,92.49663800159193
2025-02-20 21:00:00,100.84401343990356
2025-02-20 22:00:00,105.20924105179706
2025-02-20 23:00:00,107.89878169802272
2025-02-21 00:00:00,109.32546414145261
2025-02-21 01:00:00,113.35945324804615
2025-02-21 02:00:00,117.59072437495571
2025-02-21 03:00:00,119.84240867512193
2025-02-21 04:00:00,126.56748811509118
2025-02-21 05:00:00,132.93993033027283
2025-02-21 06:00:00,122.25608896642026
2025-02-21 07:00:00,118.3627560679094
2025-02-21 08:00:00,121.84746581811041
2025-02-21 09:00:00,129.98309466733554
2025-02-21 10:00:00,113.18092620836399
2025-02-21 11:00:00,119.16310170278199
2025-02-21 12:00:00,115.25487396300576
2025-02-21 13:00:00,102.25840626936998
2025-02-21 14:00:00,102.93347069957622
2025-02-21 15:00:00,103.85881471302525
2025-02-21 16:00:00,93.23131785088816
2025-02-21 17:00:00,92.21377070553758
2025-02-21 18:00:00,89.96172728975368
2025-02-21 19:00:00,88.50503197877934
2025-02-21 20:00:00,91.22330631939766
2025-02-21 21:00:00,91.05998319981533
2025-02-21 22:00:00,98.94427552619736
2025-02-21 23:00:00,99.08576435919322
2025-02-22 00:00:00,106.71785977450433
2025-02-22 01:00:00,103.17133778130356
2025-02-22 02:00:00,114.06159989943122
2025-02-22 03:00:00,118.90015311613809
2025-02-22 04:00:00,109.6925352186515
2025-02-22 05:00:00,120.37657365205052
2025-02-22 06:00:00,124.01360333966826
2025-02-22 07:00:00,113.46222835561976
2025-02-22 08:00:00,123.19947319289265
2025-02-22 09:00:00,115.5067103040752
2025-02-22 10:00:00,107.60796234626457
2025-02-22 11:00:00,106.29036022134478
2025-02-22 12:00:00,104.56718123193446
2025-02-22 13:00:00,98.45833219736922
2025-02-22 14:00:00,96.39476136418321
2025-02-22 15:00:00,87.15441852476735
2025-02-22 16:00:00,88.83600681429817
2025-02-22 17:00:00,80.71209674569103
2025-02-22 18:00:00,85.11991554852543
2025-02-22 19:00:00,82.17176922517574
2025-02-22 20:00:00,84.058149604399
2025-02-22 21:00:00,94.04608259483416
2025-02-22 22:00:00,96.29490867549842
2025-02-22 23:00:00,97.70937928120605
2025-02-23 00:00:00,94.51577997766297
2025-02-23 01:00:00,101.23645608148851
2025-02-23 02:00:00,110.71219631045099
2025-02-23 03:00:00,109.27887055139071
2025-02-23 04:00:00,120.12464882396007
2025-02-23 05:00:00,113.6769596197218
2025-02-23 06:00:00,113.14749268410718
2025-02-23 07:00:00,110.40318916093848
2025-02-23 08:00:00,110.45408196798627
2025-02-23 09:00:00,106.71263959766257
2025-02-23 10:00:00,106.8426434876144
2025-02-23 11:00:00,104.02179719467236
2025-02-23 12:00:00,92.97971861496423
2025-02-23 13:00:00,86.73618086845836
2025-02-23 14:00:00,80.92730119103986
2025-02-23 15:00:00,87.03545515462713
2025-02-23 16:00:00,78.05368672748475
2025-02-23 17:00:00,72.21421680565985
2025-02-23 18:00:00,81.73600547536756
2025-02-23 19:00:00,90.54190690951887
2025-02-23 20:00:00,81.93149186962428
2025-02-23 21:00:00,87.59129357986606
2025-02-23 22:00:00,87.57958611084642
2025-02-23 23:00:00,90.39345250395019
2025-02-24 00:00:00,98.27743831868224
2025-02-24 01:00:00,97.26306367872328
2025-02-24 02:00:00,103.06318289191364
2025-02-24 03:00:00,106.34980778948402
2025-02-24 04:00:00,104.74835367141277
2025-02-24 05:00:00,112.87246824146372
2025-02-24 06:00:00,108.71183034112761
2025-02-24 07:00:00,105.88502276658731
2025-02-24 08:00:00,109.57416398274913
2025-02-24 09:00:00,101.48025832125897
2025-02-24 10:00:00,102.12115651006678
2025-02-24 11:00:00,98.40620867510717
2025-02-24 12:00:00,98.96694201750377
2025-02-24 13:00:00,92.71373597692269
2025-02-24 14:00:00,87.1817973316039
2025-02-24 15:00:00,87.54173673003
2025-02-24 16:00:00,87.55365132426385
2025-02-24 17:00:00,82.84190023884648
2025-02-24 18:00:00,80.26755627150958
2025-02-24 19:00:00,75.62659354420222
2025-02-24 20:00:00,78.25856235725266
2025-02-24 21:00:00,83.83815944817422
2025-02-24 22:00:00,85.89334685467223
2025-02-24 23:00:00,91.37620501184504
2025-02-25 00:00:00,96.4169582589219
2025-02-25 01:00:00,102.38414560849951
2025-02-25 02:00:00,103.80230489344487
2025-02-25 03:00:00,109.34632130455039
2025-02-25 04:00:00,110.25931635540012
2025-02-25 05:00:00,103.82299366087662
2025-02-25 06:00:00,108.71086411265667
2025-02-25 07:00:00,111.61995207028359
2025-02-25 08:00:00,106.10487028493564
2025-02-25 09:00:00,111.21174097032375
2025-02-25 10:00:00,112.0865365546587
2025-02-25 11:00:00,107.48456956304764
2025-02-25 12:00:00,98.14239638986336
2025-02-25 13:00:00,101.35057274344913
2025-02-25 14:00:00,92.64288398164348
2025-02-25 15:00:00,87.87561653047483
2025-02-25 16:00:00,84.67261380278892
2025-02-25 17:00:00,84.70718068851858
2025-02-25 18:00:00,84.14547672443231
2025-02-25 19:00:00,87.1856883887309
2025-02-25 20:00:00,88.94163276951188
2025-02-25 21:00:00,90.99377486609848
2025-02-25 22:00:00,96.13567252302333
2025-02-25 23:00:00,103.0687827417469
2025-02-26 00:00:00,106.28768169573591
2025-02-26 01:00:00,100.73314079153918
2025-02-26 02:00:00,100.37532592429544
2025-02-26 03:00:00,117.73461916741428
2025-02-26 04:00:00,111.21207866896688
2025-02-26 05:00:00,117.5758452011419
2025-02-26 06:00:00,114.60029420510702
2025-02-26 07:00:00,111.8539491231505
2025-02-26 08:00:00,120.01855676380795
2025-02-26 09:00:00,118.79159053420607
2025-02-26 10:00:00,110.62467455220076
2025-02-26 11:00:00,99.22709294331221
2025-02-26 12:00:00,103.79778464134785
2025-02-26 13:00:00,103.9366241732946
2025-02-26 14:00:00,93.09975080756162
2025-02-26 15:00:00,96.90034393672022
2025-02-26 16:00:00,93.97404165494939
2025-02-26 17:00:00,95.09979401317584
2025-02-26 18:00:00,92.98904609366652
2025-02-26 19:00:00,89.36179461812326
2025-02-26 20:00:00,99.76379761843927
2025-02-26 21:00:00,96.94449728658783
2025-02-26 22:00:00,100.78541214422107
2025-02-26 23:00:00,100.98048388057502
2025-02-27 00:00:00,107.01544274384082
2025-02-27 01:00:00,109.31562922804767
2025-02-27 02:00:00,115.9557504049382
2025-02-27 03:00:00,126.76670596291848
2025-02-27 04:00:00,116.9723087266619
2025-02-27 05:00:00,117.65074624283146
2025-02-27 06:00:00,130.63746582578003
2025-02-27 07:00:00,123.53097658589523
2025-02-27 08:00:00,120.30981822510797
2025-02-27 09:00:00,124.8678775242974
2025-02-27 10:00:00,115.2745629824108
2025-02-27 11:00:00,121.46802611672689
2025-02-27 12:00:00,113.06727403912085
2025-02-27 13:00:00,104.58460001367607
2025-02-27 14:00:00,111.59973128041378
2025-02-27 15:00:00,97.48194036750488
2025-02-27 16:00:00,100.51918718751156
2025-02-27 17:00:00,97.26809722500903
2025-02-27 18:00:00,100.7742260976276
2025-02-27 19:00:00,102.32067625153132
2025-02-27 20:00:00,97.68623141821955
2025-02-27 21:00:00,96.90224226185668
2025-02-27 22:00:00,104.82520524407174
2025-02-27 23:00:00,103.84390697345492
2025-02-28 00:00:00,118.43134691131573
2025-02-28 01:00:00,114.73606051555744
2025-02-28 02:00:00,116.26537542603744
2025-02-28 03:00:00,121.48032104934153
2025-02-28 04:00:00,117.63464963403882
2025-02-28 05:00:00,120.52256531411103
2025-02-28 06:00:00,129.59889488247566
2025-02-28 07:00:00,121.52557401458641
2025-02-28 08:00:00,118.3241332250343
2025-02-28 09:00:00,122.12205147107414
2025-02-28 10:00:00,121.4496242431402
2025-02-28 11:00:00,115.79363086791291
2025-02-28 12:00:00,112.83944459416932
2025-02-28 13:00:00,101.75676202617016
2025-02-28 14:00:00,95.28147886011462
2025-02-28 15:00:00,103.66174597257918
2025-02-28 16:00:00,93.76829260371625
2025-02-28 17:00:00,92.33594322437311
2025-02-28 18:00:00,97.91241065719085
2025-02-28 19:00:00,95.10016208339967
2025-02-28 20:00:00,95.9551507322346
2025-02-28 21:00:00,104.92693679071517
2025-02-28 22:00:00,96.5450518758858
2025-02-28 23:00:00,106.18820093999851
2025-03-01 00:00:00,106.32195177117713
2025-03-01 01:00:00,110.78047262581696
2025-03-01 02:00:00,119.1631358204701
2025-03-01 03:00:00,117.90856343910747
2025-03-01 04:00:00,120.13184524938194
2025-03-01 05:00:00,123.48155986614587
2025-03-01 06:00:00,117.95429959584992
2025-03-01 07:00:00,115.25513690527482
2025-03-01 08:00:00,112.64113001370384
2025-03-01 09:00:00,106.2763910533538
2025-03-01 10:00:00,118.9640214333056
2025-03-01 11:00:00,102.41178621333489
2025-03-01 12:00:00,101.76004223175144
2025-03-01 13:00:00,97.3582405764108
2025-03-01 14:00:00,95.7805473298795
2025-03-01 15:00:00,94.41124489148815
2025-03-01 16:00:00,91.91164061583905
2025-03-01 17:00:00,84.34582812328168
2025-03-01 18:00:00,85.20751608302093
2025-03-01 19:00:00,87.22890273723469
2025-03-01 20:00:00,86.31668801427001
2025-03-01 21:00:00,95.84227534231896
2025-03-01 22:00:00,94.2047511439209
2025-03-01 23:00:00,98.52352108602248
2025-03-02 00:00:00,101.84773925526957
2025-03-02 01:00:00,107.50716845445561
2025-03-02 02:00:00,106.8950748895957
2025-03-02 03:00:00,103.83585824925365
2025-03-02 04:00:00,112.75726561528994
2025-03-02 05:00:00,109.80944383122343
2025-03-02 06:00:00,110.57601263539435
2025-03-02 07:00:00,114.2962942370154
2025-03-02 08:00:00,115.18423377883829
2025-03-02 09:00:00,107.71878839437453
2025-03-02 10:00:00,105.55672397550278
2025-03-02 11:00:00,107.31503085028105
2025-03-02 12:00:00,97.39787231919632
2025-03-02 13:00:00,102.77902828365795
2025-03-02 14:00:00,90.84534441022531
2025-03-02 15:00:00,78.27162195460048
2025-03-02 16:00:00,85.79170278084457
2025-03-02 17:00:00,82.66159586124715
2025-03-02 18:00:00,85.65188521782108
2025-03-02 19:00:00,83.57381738911396
2025-03-02 20:00:00,81.71313472409526
2025-03-02 21:00:00,79.65132068114802
2025-03-02 22:00:00,86.72735879175794
2025-03-02 23:00:00,87.69811244412502
2025-03-03 00:00:00,92.59022173175892
2025-03-03 01:00:00,101.08965861740697
2025-03-03 02:00:00,108.98441479727752
2025-03-03 03:00:00,106.95288582823784
2025-03-03 04:00:00,102.94836638209117
2025-03-03 05:00:00,110.99389266044439
2025-03-03 06:00:00,114.5093784587382
2025-03-03 07:00:00,106.78005493152745
2025-03-03 08:00:00,107.20323908602248
2025-03-03 09:00:00,105.44406617158606
2025-03-03 10:00:00,99.18002177250739
2025-03-03 11:00:00,101.34698954130549
2025-03-03 12:00:00,94.45075030399326
2025-03-03 13:00:00,92.80425596527789
2025-03-03 14:00:00,84.04311959962217
2025-03-03 15:00:00,82.83202147618135
2025-03-03 16:00:00,85.1935297037519
2025-03-03 17:00:00,79.43050954931844
2025-03-03 18:00:00,87.44518434131604
2025-03-03 19:00:00,79.58657687539088
2025-03-03 20:00:00,83.72893905680817
2025-03-03 21:00:00,89.10060473733118
2025-03-03 22:00:00,82.9691158758231
2025-03-03 23:00:00,85.39203812011036
2025-03-04 00:00:00,90.39891644529973
2025-03-04 01:00:00,105.62689414902793
2025-03-04 02:00:00,102.18805056635733
2025-03-04 03:00:00,117.94429501616456
2025-03-04 04:00:00,108.05561144577659
2025-03-04 05:00:00,112.77424828332666
2025-03-04 06:00:00,118.94782864244954
2025-03-04 07:00:00,120.53185699005304
2025-03-04 08:00:00,119.50084670709187
2025-03-04 09:00:00,113.95667411695766
2025-03-04 10:00:00,110.37096647277585
2025-03-04 11:00:00,105.29081309730918
2025-03-04 12:00:00,140.6044470716674
2025-03-04 13:00:00,93.49410847498127
2025-03-04 14:00:00,89.0866017633919
2025-03-04 15:00:00,89.52164572954932
2025-03-04 16:00:00,86.75666911109958
2025-03-04 17:00:00,84.41533038140847
2025-03-04 18:00:00,88.79491693267045
2025-03-04 19:00:00,90.63642747775742
2025-03-04 20:00:00,88.96414753472631
2025-03-04 21:00:00,97.2028942539518
2025-03-04 22:00:00,90.13234653174977
2025-03-04 23:00:00,97.8427429497293
2025-03-05 00:00:00,99.93335901580603
2025-03-05 01:00:00,99.5177693412932
2025-03-05 02:00:00,110.57147086477833
2025-03-05 03:00:00,113.8215326331706
2025-03-05 04:00:00,123.04457557984358
2025-03-05 05:00:00,121.30933669117817
2025-03-05 06:00:00,115.49518215627398
2025-03-05 07:00:00,126.7894242830539
2025-03-05 08:00:00,123.04802377733641
2025-03-05 09:00:00,118.39454385111607
2025-03-05 10:00:00,112.33596290395441
2025-03-05 11:00:00,106.06468830924483
2025-03-05 12:00:00,104.80511847432048
2025-03-05 13:00:00,107.03558577474722
2025-03-05 14:00:00,106.86492545064264
2025-03-05 15:00:00,102.65106151493849
2025-03-05 16:00:00,92.39106650874291
2025-03-05 17:00:00,88.61534142586173
2025-03-05 18:00:00,93.38545275190107
2025-03-05 19:00:00,86.49149606364449
2025-03-05 20:00:00,96.58136561276694
2025-03-05 21:00:00,97.29938837774701
2025-03-05 22:00:00,99.34166743903444
2025-03-05 23:00:00,98.64592659204725
2025-03-06 00:00:00,111.15415531913236
2025-03-06 01:00:00,111.03521986975345
2025-03-06 02:00:00,112.2790504460366
2025-03-06 03:00:00,108.74200633346905
2025-03-06 04:00:00,122.66103682243127
2025-03-06 05:00:00,131.5051813652638
2025-03-06 06:00:00,131.70900451824346
2025-03-06 07:00:00,122.8510694124041
2025-03-06 08:00:00,120.88844408254674
2025-03-06 09:00:00,122.89453894325932
2025-03-06 10:00:00,114.01466652885118
2025-03-06 11:00:00,115.6823380060639
2025-03-06 12:00:00,113.7310748115486
2025-03-06 13:00:00,111.75516168604219
2025-03-06 14:00:00,102.88106526567805
2025-03-06 15:00:00,99.40128820305709
2025-03-06 16:00:00,94.35005849669471
2025-03-06 17:00:00,93.07458863146991
2025-03-06 18:00:00,94.97252851667267
2025-03-06 19:00:00,97.85527663613506
2025-03-06 20:00:00,101.52373647113554
2025-03-06 21:00:00,97.014381084766
2025-03-06 22:00:00,109.26725409239998
2025-03-06 23:00:00,105.78145719253972
2025-03-07 00:00:00,110.60351188806214
2025-03-07 01:00:00,111.512255618881
2025-03-07 02:00:00,108.34088373444071
2025-03-07 03:00:00,124.58896455557264
2025-03-07 04:00:00,126.28171352477385
2025-03-07 05:00:00,123.59489438392721
2025-03-07 06:00:00,125.37638526384379
2025-03-07 07:00:00,126.52809114553465
2025-03-07 08:00:00,116.57277687246209
2025-03-07 09:00:00,118.17041289582596
2025-03-07 10:00:00,120.19504948722236
2025-03-07 11:00:00,108.21184307682249
2025-03-07 12:00:00,110.34066872385863
2025-03-07 13:00:00,99.66879830620046
2025-03-07 14:00:00,103.14562460106221
2025-03-07 15:00:00,97.82502857981406
2025-03-07 16:00:00,88.90966783970937
2025-03-07 17:00:00,98.30941585226826
2025-03-07 18:00:00,89.97245092684878
2025-03-07 19:00:00,89.94541544198594
2025-03-07 20:00:00,95.24505957707804
2025-03-07 21:00:00,101.17265995307228
2025-03-07 22:00:00,95.36702066573937
2025-03-07 23:00:00,103.0347429713121
2025-03-08 00:00:00,108.12034841715689
2025-03-08 01:00:00,112.78970908366234
2025-03-08 02:00:00,114.0662114801755
2025-03-08 03:00:00,114.72029220186168
2025-03-08 04:00:00,114.97948319483503
2025-03-08 05:00:00,119.8472891933384
2025-03-08 06:00:00,115.4367376103254
2025-03-08 07:00:00,107.23775678489869
2025-03-08 08:00:00,118.87778915066485
2025-03-08 09:00:00,118.06873991944876
2025-03-08 10:00:00,101.59864631562374
2025-03-08 11:00:00,103.09688000162795
2025-03-08 12:00:00,105.43285691436137
2025-03-08 13:00:00,107.00665879905934
2025-03-08 14:00:00,94.94527851359237
2025-03-08 15:00:00,88.54746742066118
2025-03-08 16:00:00,88.04934404222692
2025-03-08 17:00:00,92.48882669839645
2025-03-08 18:00:00,83.60332936591477
2025-03-08 19:00:00,83.2129980529267
2025-03-08 20:00:00,85.69166157452216
2025-03-08 21:00:00,85.91076174945071
2025-03-08 22:00:00,93.0427157455937
2025-03-08 23:00:00,102.3939069199481
2025-03-09 00:00:00,100.79971441730983
2025-03-09 01:00:00,102.11504216025422
2025-03-09 02:00:00,105.3149267233653
2025-03-09 03:00:00,103.08160595053698
2025-03-09 04:00:00,115.0021360611145
2025-03-09 05:00:00,112.41470576258575
2025-03-09 06:00:00,112.27974285227722
2025-03-09 07:00:00,125.03445157762076
2025-03-09 08:00:00,111.73729627081272
2025-03-09 09:00:00,104.93772103129623
2025-03-09 10:00:00,102.92714468453157
2025-03-09 11:00:00,105.41113705277319
2025-03-09 12:00:00,97.19912438764005
2025-03-09 13:00:00,86.93036705791297
2025-03-09 14:00:00,92.57140471024681
2025-03-09 15:00:00,82.95327979331448
2025-03-09 16:00:00,90.58271054554284
2025-03-09 17:00:00,85.76833772882091
2025-03-09 18:00:00,79.01476976310146
2025-03-09 19:00:00,86.31634057522079
2025-03-09 20:00:00,82.84956384638646
2025-03-09 21:00:00,88.27079147104092
2025-03-09 22:00:00,89.81356623432654
2025-03-09 23:00:00,88.02595078524372
2025-03-10 00:00:00,92.64929934595375
2025-03-10 01:00:00,103.16637141429581
2025-03-10 02:00:00,101.27687859569234
2025-03-10 03:00:00,104.0707890002245
2025-03-10 04:00:00,104.22259145708055
2025-03-10 05:00:00,111.22106139418388
2025-03-10 06:00:00,118.28413533337452
2025-03-10 07:00:00,105.26023803603415
2025-03-10 08:00:00,108.1473687236514
2025-03-10 09:00:00,111.34537875857774
2025-03-10 10:00:00,102.31223260410106
2025-03-10 11:00:00,100.87453813517504
2025-03-10 12:00:00,90.99615193008292
2025-03-10 13:00:00,93.15053772272645
2025-03-10 14:00:00,87.15569439505924
2025-03-10 15:00:00,88.83595780444058
2025-03-10 16:00:00,87.36473162294602
2025-03-10 17:00:00,91.59127987000625
2025-03-10 18:00:00,83.16704477348307
2025-03-10 19:00:00,82.79949002842417
2025-03-10 20:00:00,83.91892050435649
2025-03-10 21:00:00,84.26875938284202
2025-03-10 22:00:00,90.3076973256486
2025-03-10 23:00:00,91.56485087172315
2025-03-11 00:00:00,97.48656875290438
2025-03-11 01:00:00,106.15813102199768
2025-03-11 02:00:00,100.68049603305516
2025-03-11 03:00:00,112.58219526225427
2025-03-11 04:00:00,115.89224525401168
2025-03-11 05:00:00,111.87495210682064
2025-03-11 06:00:00,104.60315238039001
2025-03-11 07:00:00,110.38738063328509
2025-03-11 08:00:00,116.75399373103734
2025-03-11 09:00:00,109.3429200896363
2025-03-11 10:00:00,102.58869058459646
2025-03-11 11:00:00,101.21278875983765
2025-03-11 12:00:00,102.98101426809538
2025-03-11 13:00:00,98.19696875734786
2025-03-11 14:00:00,91.71485204464919
2025-03-11 15:00:00,88.37902905618053
2025-03-11 16:00:00,86.18155814927023
2025-03-11 17:00:00,82.84978498496983
2025-03-11 18:00:00,92.7820530449677
2025-03-11 19:00:00,85.83710791087643
2025-03-11 20:00:00,93.7903372171074
2025-03-11 21:00:00,97.68922128166713
2025-03-11 22:00:00,99.00352972512225
2025-03-11 23:00:00,97.20208268022178
2025-03-12 00:00:00,104.72675180381034
2025-03-12 01:00:00,107.19831652826842
2025-03-12 02:00:00,107.59856930947524
2025-03-12 03:00:00,115.9171429378361
2025-03-12 04:00:00,112.58580058648192
2025-03-12 05:00:00,123.84799065105175
2025-03-12 06:00:00,118.0446434086436
2025-03-12 07:00:00,120.48887578545478
2025-03-12 08:00:00,119.60822362566618
2025-03-12 09:00:00,115.34171628667205
2025-03-12 10:00:00,115.89985764950092
2025-03-12 11:00:00,108.31401377389473
2025-03-12 12:00:00,110.09031791267972
2025-03-12 13:00:00,97.60785571919037
2025-03-12 14:00:00,100.14328168933596
2025-03-12 15:00:00,104.544986542329
2025-03-12 16:00:00,90.65632204171192
2025-03-12 17:00:00,90.69401442116487
2025-03-12 18:00:00,95.1887223071383
2025-03-12 19:00:00,94.59476379790071
2025-03-12 20:00:00,97.00239829736854
2025-03-12 21:00:00,100.1577303877789
2025-03-12 22:00:00,104.05588246500037
2025-03-12 23:00:00,109.77472137318514
2025-03-13 00:00:00,111.0502126648142
2025-03-13 01:00:00,112.51217575417354
2025-03-13 02:00:00,119.9601957379353
2025-03-13 03:00:00,128.14176607042248
2025-03-13 04:00:00,122.55174460135002
2025-03-13 05:00:00,120.8292409041487
2025-03-13 06:00:00,129.80347348144622
2025-03-13 07:00:00,124.50911292718108
2025-03-13 08:00:00,114.91779728418437
2025-03-13 09:00:00,124.72031177180709
2025-03-13 10:00:00,116.17807868603474
2025-03-13 11:00:00,114.42422042181545
2025-03-13 12:00:00,112.3058581645328
2025-03-13 13:00:00,107.9206106538681
2025-03-13 14:00:00,106.43067198440012
2025-03-13 15:00:00,98.78522086573173
2025-03-13 16:00:00,100.2255951806715
2025-03-13 17:00:00,95.65510648154019
2025-03-13 18:00:00,99.14486915207513
2025-03-13 19:00:00,99.158467689169
2025-03-13 20:00:00,94.43882630227067
2025-03-13 21:00:00,104.88220849643407
2025-03-13 22:00:00,101.46382918035155
2025-03-13 23:00:00,110.40936593408121
2025-03-14 00:00:00,112.4693134633079
2025-03-14 01:00:00,122.16502018689943
2025-03-14 02:00:00,117.45516399029094
2025-03-14 03:00:00,119.96669892990161
2025-03-14 04:00:00,123.56784265709969
2025-03-14 05:00:00,123.8186686253094
2025-03-14 06:00:00,128.61937314695882
2025-03-14 07:00:00,118.31027498521837
2025-03-14 08:00:00,118.91941376766947
2025-03-14 09:00:00,116.32659506314053
2025-03-14 10:00:00,121.13040428087547
2025-03-14 11:00:00,120.3826374040733
2025-03-14 12:00:00,109.05982326528918
2025-03-14 13:00:00,104.73102177618013
2025-03-14 14:00:00,101.87129646802688
2025-03-14 15:00:00,102.92629086368285
2025-03-14 16:00:00,91.97196571081533
2025-03-14 17:00:00,94.9151175096252
2025-03-14 18:00:00,97.12279089741703
2025-03-14 19:00:00,95.50198501404932
2025-03-14 20:00:00,95.5122923987958
2025-03-14 21:00:00,100.89347806987199
2025-03-14 22:00:00,88.92856191390186
2025-03-14 23:00:00,105.81070799429047
2025-03-15 00:00:00,104.09996282757156
2025-03-15 01:00:00,103.00593821143057
2025-03-15 02:00:00,115.7164388014124
2025-03-15 03:00:00,121.99422088309282
2025-03-15 04:00:00,118.05123316316556
2025-03-15 05:00:00,123.62539499421102
2025-03-15 06:00:00,126.48558983446875
2025-03-15 07:00:00,124.49399967745983
2025-03-15 08:00:00,124.00259119576596
2025-03-15 09:00:00,117.73269366363768
2025-03-15 10:00:00,111.66329375764363
2025-03-15 11:00:00,101.03912271712598
2025-03-15 12:00:00,102.28317306206766
2025-03-15 13:00:00,95.71487368319379
2025-03-15 14:00:00,103.85705769712807
2025-03-15 15:00:00,91.0671190800945
2025-03-15 16:00:00,89.58493217803085
2025-03-15 17:00:00,89.50644567021214
2025-03-15 18:00:00,86.67277901214915
2025-03-15 19:00:00,93.50115338549719
2025-03-15 20:00:00,85.44322136055892
2025-03-15 21:00:00,90.81368914768044
2025-03-15 22:00:00,89.89333528306894
2025-03-15 23:00:00,90.92628618543367
2025-03-16 00:00:00,97.37150410547123
2025-03-16 01:00:00,103.28749212481239
2025-03-16 02:00:00,105.07614604520437
2025-03-16 03:00:00,106.8758684100747
2025-03-16 04:00:00,106.15561024208503
2025-03-16 05:00:00,112.70481540436862
2025-03-16 06:00:00,107.29396415476207
2025-03-16 07:00:00,115.61342830524622
2025-03-16 08:00:00,111.18322679333421
2025-03-16 09:00:00,102.42586237806346
2025-03-16 10:00:00,103.70692190540035
2025-03-16 11:00:00,98.1199117378707
2025-03-16 12:00:00,98.33392393141266
2025-03-16 13:00:00,98.35646389952109
2025-03-16 14:00:00,81.70498223760912
2025-03-16 15:00:00,86.3971435963063
2025-03-16 16:00:00,82.76017140265276
2025-03-16 17:00:00,84.44468891601049
2025-03-16 18:00:00,81.96802700293354
2025-03-16 19:00:00,78.49558094557148
2025-03-16 20:00:00,81.61310920585643
2025-03-16 21:00:00,81.98677648758404
2025-03-16 22:00:00,92.48984666378965
2025-03-16 23:00:00,91.80780714414166
2025-03-17 00:00:00,103.1394445624823
2025-03-17 01:00:00,99.1150680329585
2025-03-17 02:00:00,100.09353600072251
2025-03-17 03:00:00,99.94170842698773
2025-03-17 04:00:00,101.1417062137007
2025-03-17 05:00:00,103.50130450403452
2025-03-17 06:00:00,111.41372540469423
2025-03-17 07:00:00,111.87645293021725
2025-03-17 08:00:00,102.03691123307802
2025-03-17 09:00:00,109.58783293746663
2025-03-17 10:00:00,101.00973710659626
2025-03-17 11:00:00,99.96340614236522
2025-03-17 12:00:00,102.00579169993819
2025-03-17 13:00:00,95.33584974160404
2025-03-17 14:00:00,87.14133200770019
2025-03-17 15:00:00,81.63945206430672
2025-03-17 16:00:00,74.31910895561644
2025-03-17 17:00:00,78.66759516920843
2025-03-17 18:00:00,80.31517426956434
2025-03-17 19:00:00,77.8587697977372
2025-03-17 20:00:00,82.927538573924
2025-03-17 21:00:00,86.30001523016577
2025-03-17 22:00:00,88.3655211688161
2025-03-17 23:00:00,90.45762933323202
2025-03-18 00:00:00,97.7985266799395
2025-03-18 01:00:00,102.96668662208934
2025-03-18 02:00:00,100.65625312864896
2025-03-18 03:00:00,113.97759368096973
2025-03-18 04:00:00,110.54061559976165
2025-03-18 05:00:00,112.73380785081055
2025-03-18 06:00:00,116.23461281369693
2025-03-18 07:00:00,114.06271625096315
2025-03-18 08:00:00,115.68974522469247
2025-03-18 09:00:00,110.89407214388527
2025-03-18 10:00:00,104.44733315946118
2025-03-18 11:00:00,104.98908568982182
2025-03-18 12:00:00,95.35481247704058
2025-03-18 13:00:00,96.75545645189446
2025-03-18 14:00:00,92.84884362299627
2025-03-18 15:00:00,89.32504241859591
2025-03-18 16:00:00,87.54562384393603
2025-03-18 17:00:00,79.32321268521957
2025-03-18 18:00:00,84.43683380037243
2025-03-18 19:00:00,87.80895253653212
2025-03-18 20:00:00,89.87231184604104
2025-03-18 21:00:00,87.80443965452
2025-03-18 22:00:00,100.38430064023588
2025-03-18 23:00:00,95.77504768248266
2025-03-19 00:00:00,107.30084338881669
2025-03-19 01:00:00,109.31505954556462
2025-03-19 02:00:00,108.93965065726715
2025-03-19 03:00:00,122.0321325256343
2025-03-19 04:00:00,112.83859556834166
2025-03-19 05:00:00,123.08507293589163
2025-03-19 06:00:00,124.21662501425536
2025-03-19 07:00:00,117.31293946990313
2025-03-19 08:00:00,124.35611648398515
2025-03-19 09:00:00,115.68833326733869
2025-03-19 10:00:00,115.0190401049661
2025-03-19 11:00:00,111.56609889971577
2025-03-19 12:00:00,106.37907690121467
2025-03-19 13:00:00,106.54619067706263
2025-03-19 14:00:00,103.12290139760606
2025-03-19 15:00:00,90.1063257973899
2025-03-19 16:00:00,100.18619145589302
2025-03-19 17:00:00,87.06620949536799
2025-03-19 18:00:00,97.57445887011559
2025-03-19 19:00:00,98.69444036169881
2025-03-19 20:00:00,91.54719532365964
2025-03-19 21:00:00,96.8689078596165
2025-03-19 22:00:00,97.40536106105618
2025-03-19 23:00:00,104.78742102845194
2025-03-20 00:00:00,108.48998404460299
2025-03-20 01:00:00,116.90703164597171
2025-03-20 02:00:00,122.82231906184938
2025-03-20 03:00:00,126.43615671824796
2025-03-20 04:00:00,121.14479062481273
2025-03-20 05:00:00,124.2016537720994
2025-03-20 06:00:00,118.95258117966087
2025-03-20 07:00:00,122.07834046125699
2025-03-20 08:00:00,127.77906514487653
2025-03-20 09:00:00,128.10413950164508
2025-03-20 10:00:00,113.69317908657756
2025-03-20 11:00:00,112.7276796586666
2025-03-20 12:00:00,111.1834969586671
2025-03-20 13:00:00,108.59043971427633
2025-03-20 14:00:00,100.66563378040424
2025-03-20 15:00:00,102.5345936701148
2025-03-20 16:00:00,96.58899774392971
2025-03-20 17:00:00,96.946667252609
2025-03-20 18:00:00,98.68594736478627
2025-03-20 19:00:00,97.03386997660674
2025-03-20 20:00:00,96.74622069258928
2025-03-20 21:00:00,100.41102396027716
2025-03-20 22:00:00,103.56541426823303
2025-03-20 23:00:00,106.00827376567392
2025-03-21 00:00:00,110.27616310327994
2025-03-21 01:00:00,121.51805730598446
2025-03-21 02:00:00,120.90388885578919
2025-03-21 03:00:00,120.4932279865043
2025-03-21 04:00:00,126.74452184293959
2025-03-21 05:00:00,124.0072929418687
2025-03-21 06:00:00,130.42328723378358
2025-03-21 07:00:00,126.56526933200341
2025-03-21 08:00:00,123.01611801248421
2025-03-21 09:00:00,122.69985759694518
2025-03-21 10:00:00,111.35685244895323
2025-03-21 11:00:00,109.34429718235242
2025-03-21 12:00:00,105.01310325808886
2025-03-21 13:00:00,106.28926419224275
2025-03-21 14:00:00,108.83233095776139
2025-03-21 15:00:00,107.51516138226683
2025-03-21 16:00:00,98.54476579758683
2025-03-21 17:00:00,96.27620262271014
2025-03-21 18:00:00,86.32895258592268
2025-03-21 19:00:00,91.6380962796
2025-03-21 20:00:00,91.91401406901433
2025-03-21 21:00:00,94.71708645084549
2025-03-21 22:00:00,99.3800989558063
2025-03-21 23:00:00,101.5220275496242
2025-03-22 00:00:00,99.11024946282306
2025-03-22 01:00:00,113.63129396757313
2025-03-22 02:00:00,109.69183944459981
2025-03-22 03:00:00,117.7677573031321
2025-03-22 04:00:00,127.20854104492237
2025-03-22 05:00:00,116.44754158330005
2025-03-22 06:00:00,110.22650985577525
2025-03-22 07:00:00,118.40150811984954
2025-03-22 08:00:00,122.15775476252136
2025-03-22 09:00:00,122.90875666047918
2025-03-22 10:00:00,106.75454396847363
2025-03-22 11:00:00,109.74496600190675
2025-03-22 12:00:00,101.71736433171337
2025-03-22 13:00:00,98.97524979148896
2025-03-22 14:00:00,106.06184335945186
2025-03-22 15:00:00,86.06996416048933
2025-03-22 16:00:00,90.41825474111735
2025-03-22 17:00:00,89.48245999735823
2025-03-22 18:00:00,91.15269767066303
2025-03-22 19:00:00,87.42406498190415
2025-03-22 20:00:00,89.47720410975968
2025-03-22 21:00:00,88.77984820129092
2025-03-22 22:00:00,94.25090853508749
2025-03-22 23:00:00,95.1447902725726
2025-03-23 00:00:00,102.61605117276318
2025-03-23 01:00:00,102.26838111307809
2025-03-23 02:00:00,108.61293966312871
2025-03-23 03:00:00,109.8396842190762
2025-03-23 04:00:00,116.59626424410715
2025-03-23 05:00:00,113.14284594477593
2025-03-23 06:00:00,106.53189892230495
2025-03-23 07:00:00,117.93207359759
2025-03-23 08:00:00,107.54172172239231
2025-03-23 09:00:00,105.952186165574
2025-03-23 10:00:00,102.87229618167198
2025-03-23 11:00:00,106.9374728771624
2025-03-23 12:00:00,88.82571217806722
2025-03-23 13:00:00,105.85683939431459
2025-03-23 14:00:00,93.7410824967031
2025-03-23 15:00:00,87.14117808047999
2025-03-23 16:00:00,83.49230972670034
2025-03-23 17:00:00,83.21272805388548
2025-03-23 18:00:00,83.51091334774652
2025-03-23 19:00:00,84.39550376057322
2025-03-23 20:00:00,85.42292595678322
2025-03-23 21:00:00,85.84038578406552
2025-03-23 22:00:00,87.70764757241254
2025-03-23 23:00:00,91.42865055908645
2025-03-24 00:00:00,95.06623184230533
2025-03-24 01:00:00,104.20397481993189
2025-03-24 02:00:00,105.61257310173443
2025-03-24 03:00:00,94.54619460302848
2025-03-24 04:00:00,111.28905116908959
2025-03-24 05:00:00,110.92797619917779
2025-03-24 06:00:00,110.58156691911107
2025-03-24 07:00:00,108.59866216918826
2025-03-24 08:00:00,113.16930806539682
2025-03-24 09:00:00,110.10896867390035
2025-03-24 10:00:00,100.16165378628241
2025-03-24 11:00:00,101.31562638716723
2025-03-24 12:00:00,91.98146539299739
2025-03-24 13:00:00,86.54120296323228
2025-03-24 14:00:00,86.01976884521052
2025-03-24 15:00:00,88.96497799974507
2025-03-24 16:00:00,87.05005388668421
2025-03-24 17:00:00,83.90773327081352
2025-03-24 18:00:00,84.37126151651346
2025-03-24 19:00:00,84.18338419904799
2025-03-24 20:00:00,81.19782320564795
2025-03-24 21:00:00,88.03148102127305
2025-03-24 22:00:00,92.77776634120579
2025-03-24 23:00:00,96.38598812002601
2025-03-25 00:00:00,102.19074462221693
2025-03-25 01:00:00,104.34332255686255
2025-03-25 02:00:00,106.73482541283325
2025-03-25 03:00:00,112.92564825949697
2025-03-25 04:00:00,111.1400662361486
2025-03-25 05:00:00,109.44209389836675
2025-03-25 06:00:00,113.06067040914203
2025-03-25 07:00:00,110.4614242909296
2025-03-25 08:00:00,109.48766873338812
2025-03-25 09:00:00,109.4786839444626
2025-03-25 10:00:00,104.03858611826914
2025-03-25 11:00:00,102.62240861468736
2025-03-25 12:00:00,92.66644178275419
2025-03-25 13:00:00,97.48557560252706
2025-03-25 14:00:00,93.29776863126979
2025-03-25 15:00:00,87.20033846765939
2025-03-25 16:00:00,91.00793970766752
2025-03-25 17:00:00,90.91207256196257
2025-03-25 18:00:00,80.5126771181068
2025-03-25 19:00:00,84.69785696194907
2025-03-25 20:00:00,86.4675000231488
2025-03-25 21:00:00,88.46671095803498
2025-03-25 22:00:00,98.95055178875062
2025-03-25 23:00:00,98.77562566449522
2025-03-26 00:00:00,102.67613836571388
2025-03-26 01:00:00,99.90201578469757
2025-03-26 02:00:00,114.37741516172592
2025-03-26 03:00:00,110.28503852002838
2025-03-26 04:00:00,118.16405656067901
2025-03-26 05:00:00,120.8291471375309
2025-03-26 06:00:00,125.96811326968435
2025-03-26 07:00:00,115.07132185397946
2025-03-26 08:00:00,107.01938980469112
2025-03-26 09:00:00,117.7351006489961
2025-03-26 10:00:00,121.37749345813621
2025-03-26 11:00:00,115.79178010063475
2025-03-26 12:00:00,108.06613267244137
2025-03-26 13:00:00,101.64759598614215
2025-03-26 14:00:00,103.4886200461925
2025-03-26 15:00:00,93.51745203577083
2025-03-26 16:00:00,97.18544470605146
2025-03-26 17:00:00,96.04924122842351
2025-03-26 18:00:00,97.99629682699089
2025-03-26 19:00:00,105.53744311427928
2025-03-26 20:00:00,97.79190805748196
2025-03-26 21:00:00,96.78749365285137
2025-03-26 22:00:00,102.03706563047776
2025-03-26 23:00:00,98.88198467429628
2025-03-27 00:00:00,107.2544518012364
2025-03-27 01:00:00,112.46244290868862
2025-03-27 02:00:00,115.79591362987922
2025-03-27 03:00:00,121.774024107469
2025-03-27 04:00:00,120.41496614584317
2025-03-27 05:00:00,129.8338470806218
2025-03-27 06:00:00,125.99834535246379
2025-03-27 07:00:00,125.57580258693358
2025-03-27 08:00:00,122.91926289068167
2025-03-27 09:00:00,122.5737540871342
2025-03-27 10:00:00,122.2421507770139
2025-03-27 11:00:00,111.94019897668063
2025-03-27 12:00:00,108.96783717444868
2025-03-27 13:00:00,106.56607410813812
2025-03-27 14:00:00,98.83174731044403
2025-03-27 15:00:00,97.87250119761863
2025-03-27 16:00:00,96.89065478228096
2025-03-27 17:00:00,100.81321620321954
2025-03-27 18:00:00,97.86223883302553
2025-03-27 19:00:00,98.0937236870796
2025-03-27 20:00:00,102.20653924761395
2025-03-27 21:00:00,100.61115916662949
2025-03-27 22:00:00,105.79190864901578
2025-03-27 23:00:00,107.3866140177191
2025-03-28 00:00:00,112.68397989579348
2025-03-28 01:00:00,113.1036171377659
2025-03-28 02:00:00,109.21612557516514
2025-03-28 03:00:00,121.44921575412171
2025-03-28 04:00:00,129.95887991354294
2025-03-28 05:00:00,129.3586156541055
2025-03-28 06:00:00,129.90356176604803
2025-03-28 07:00:00,130.3424065946824
2025-03-28 08:00:00,124.11114009659347
2025-03-28 09:00:00,122.00943586757258
2025-03-28 10:00:00,115.48093261973595
2025-03-28 11:00:00,112.89825877812953
2025-03-28 12:00:00,112.56307102701662
2025-03-28 13:00:00,110.84421270611007
2025-03-28 14:00:00,101.65566900134309
2025-03-28 15:00:00,97.10038688233674
2025-03-28 16:00:00,96.30585637149643
2025-03-28 17:00:00,96.98883486289532
2025-03-28 18:00:00,88.06894740224588
2025-03-28 19:00:00,84.93525081023363
2025-03-28 20:00:00,93.17418482292749
2025-03-28 21:00:00,92.62881028443923
2025-03-28 22:00:00,98.33129658380203
2025-03-28 23:00:00,103.1304517293894
2025-03-29 00:00:00,105.52563821248087
2025-03-29 01:00:00,116.76070622523265
2025-03-29 02:00:00,115.60097375021422
2025-03-29 03:00:00,118.32385042937672
2025-03-29 04:00:00,121.71222208634254
2025-03-29 05:00:00,115.88093062276904
2025-03-29 06:00:00,124.81529024068796
2025-03-29 07:00:00,119.55365100547456
2025-03-29 08:00:00,120.7470218357381
2025-03-29 09:00:00,111.09912105568239
2025-03-29 10:00:00,105.7688904264652
2025-03-29 11:00:00,111.34091088530772
2025-03-29 12:00:00,105.39542740747049
2025-03-29 13:00:00,96.10202013552149
2025-03-29 14:00:00,92.31700079053098
2025-03-29 15:00:00,96.89476775597522
2025-03-29 16:00:00,84.95683166791645
2025-03-29 17:00:00,94.4935622675669
2025-03-29 18:00:00,83.51825257656058
2025-03-29 19:00:00,89.89688321470058
2025-03-29 20:00:00,87.24171119299379
2025-03-29 21:00:00,93.07037533955335
2025-03-29 22:00:00,91.30912790589547
2025-03-29 23:00:00,96.17757089451977
2025-03-30 00:00:00,100.60462345916856
2025-03-30 01:00:00,100.04925577837342
2025-03-30 02:00:00,110.37901861344629
2025-03-30 03:00:00,108.2150643521763
2025-03-30 04:00:00,111.48884672390486
2025-03-30 05:00:00,109.68220648494221
2025-03-30 06:00:00,103.68587730419755
2025-03-30 07:00:00,112.4314596885799
2025-03-30 08:00:00,121.12629575654069
2025-03-30 09:00:00,112.01685181600875
2025-03-30 10:00:00,105.48908298315443
2025-03-30 11:00:00,100.69934033189293
2025-03-30 12:00:00,97.76945574947707
2025-03-30 13:00:00,95.8055048646223
2025-03-30 14:00:00,85.1047871434489
2025-03-30 15:00:00,91.01669234688441
2025-03-30 16:00:00,86.88459413517715
2025-03-30 17:00:00,85.25443780153313
2025-03-30 18:00:00,83.4915097337144
2025-03-30 19:00:00,82.20429119179558
2025-03-30 20:00:00,86.20313618088281
2025-03-30 21:00:00,88.16050273825603
2025-03-30 22:00:00,87.39202155412363
2025-03-30 23:00:00,90.05051974635873
2025-03-31 00:00:00,96.56447328901149
2025-03-31 01:00:00,106.17615818269019
2025-03-31 02:00:00,98.59310105424125
2025-03-31 03:00:00,100.7488312229218
2025-03-31 04:00:00,109.63567457216354
2025-03-31 05:00:00,110.66376537197338
2025-03-31 06:00:00,111.66095174662264
2025-03-31 07:00:00,111.43973191742474
2025-03-31 08:00:00,108.09123131116017
2025-03-31 09:00:00,112.58949972406279
2025-03-31 10:00:00,97.16073168791614
2025-03-31 11:00:00,96.68461228379499
2025-03-31 12:00:00,95.76625643481327
2025-03-31 13:00:00,85.79810352201821
2025-03-31 14:00:00,88.13440327008742
2025-03-31 15:00:00,92.47246791737284
2025-03-31 16:00:00,83.63228280261035
2025-03-31 17:00:00,83.08937835754563
2025-03-31 18:00:00,76.74140245267748
2025-03-31 19:00:00,79.96440856267688
2025-03-31 20:00:00,82.57414720949004
2025-03-31 21:00:00,85.34411359979829
2025-03-31 22:00:00,95.01388656455599
2025-03-31 23:00:00,95.91077018791964
2025-04-01 00:00:00,93.30044245281776
2025-04-01 01:00:00,102.80730942603216
2025-04-01 02:00:00,107.63310272089997
2025-04-01 03:00:00,113.51682660456224
2025-04-01 04:00:00,117.8794971636652
2025-04-01 05:00:00,109.22039888021223
2025-04-01 06:00:00,110.78069136432214
2025-04-01 07:00:00,108.72190657874346
2025-04-01 08:00:00,111.56348554110441
2025-04-01 09:00:00,112.23337526935559
2025-04-01 10:00:00,111.46878701287227
2025-04-01 11:00:00,103.86163378292026
2025-04-01 12:00:00,99.27269350179682
2025-04-01 13:00:00,97.55061588627547
2025-04-01 14:00:00,90.26355826754622
2025-04-01 15:00:00,99.13803102295806
2025-04-01 16:00:00,82.25149606971236
2025-04-01 17:00:00,88.21193747128578
2025-04-01 18:00:00,95.34852459674754
2025-04-01 19:00:00,88.0871385987005
2025-04-01 20:00:00,89.09509642653803
2025-04-01 21:00:00,91.10772481547463
2025-04-01 22:00:00,95.2222688382199
2025-04-01 23:00:00,105.35350726254008
2025-04-02 00:00:00,95.19793322988416
2025-04-02 01:00:00,114.36238319175564
2025-04-02 02:00:00,106.45109757533424
2025-04-02 03:00:00,114.4866459267517
2025-04-02 04:00:00,116.51853150266594
2025-04-02 05:00:00,122.38503560902727
2025-04-02 06:00:00,114.44416462304116
2025-04-02 07:00:00,122.46647725903026
2025-04-02 08:00:00,127.50586006536764
2025-04-02 09:00:00,111.85818959585556
2025-04-02 10:00:00,115.24545654678117
2025-04-02 11:00:00,108.49924912193741
2025-04-02 12:00:00,109.24222698036196
2025-04-02 13:00:00,104.00191498257863
2025-04-02 14:00:00,98.00536516771288
2025-04-02 15:00:00,99.67430911831981
2025-04-02 16:00:00,102.80858921202022
2025-04-02 17:00:00,93.57492856909425
2025-04-02 18:00:00,96.94567210983438
2025-04-02 19:00:00,89.63689427139647
2025-04-02 20:00:00,92.70768182574098
2025-04-02 21:00:00,101.02415641144886
2025-04-02 22:00:00,108.38701013763699
2025-04-02 23:00:00,107.6919248332428
2025-04-03 00:00:00,109.09225534774576
2025-04-03 01:00:00,114.40792142708023
2025-04-03 02:00:00,113.20181942998457
2025-04-03 03:00:00,123.89384906900273
2025-04-03 04:00:00,127.54516126891255
2025-04-03 05:00:00,123.85254622423783
2025-04-03 06:00:00,124.42853164599939
2025-04-03 07:00:00,126.98769993434273
2025-04-03 08:00:00,122.79514595681674
2025-04-03 09:00:00,121.99964403744174
2025-04-03 10:00:00,127.65182801925627
2025-04-03 11:00:00,114.73180018078716
2025-04-03 12:00:00,110.47812566691003
2025-04-03 13:00:00,105.5019941449494
2025-04-03 14:00:00,107.50318203458349
2025-04-03 15:00:00,100.73581908787892
2025-04-03 16:00:00,96.50922926742051
2025-04-03 17:00:00,102.91205875370673
2025-04-03 18:00:00,102.80158867931873
2025-04-03 19:00:00,95.22885292290081
2025-04-03 20:00:00,91.64797073774567
2025-04-03 21:00:00,105.50188422382071
2025-04-03 22:00:00,101.80271309050757
2025-04-03 23:00:00,111.27318657034597
2025-04-04 00:00:00,104.05329837159344
2025-04-04 01:00:00,119.31622426565528
2025-04-04 02:00:00,114.43788963539359
2025-04-04 03:00:00,125.22057202338017
2025-04-04 04:00:00,124.63616278473498
2025-04-04 05:00:00,122.14917951179879
2025-04-04 06:00:00,124.72500972022259
2025-04-04 07:00:00,128.4543406795304
2025-04-04 08:00:00,124.49127068945448
2025-04-04 09:00:00,123.86900810408686
2025-04-04 10:00:00,126.16848568378211
2025-04-04 11:00:00,108.21676689964039
2025-04-04 12:00:00,116.8800198720517
2025-04-04 13:00:00,106.75728185177293
2025-04-04 14:00:00,98.92950105502145
2025-04-04 15:00:00,93.8910725830332
2025-04-04 16:00:00,95.8584461172085
2025-04-04 17:00:00,98.5817914591227
2025-04-04 18:00:00,93.64535332951623
2025-04-04 19:00:00,100.47577748801814
2025-04-04 20:00:00,89.8828126049336
2025-04-04 21:00:00,97.77448734095884
2025-04-04 22:00:00,95.66546674098619
2025-04-04 23:00:00,105.48728367940504
2025-04-05 00:00:00,111.19736455320789
2025-04-05 01:00:00,109.57897205687122
2025-04-05 02:00:00,104.18832240954372
2025-04-05 03:00:00,118.22892872236659
2025-04-05 04:00:00,121.2815308613491
2025-04-05 05:00:00,122.36462525798518
2025-04-05 06:00:00,125.91315500254191
2025-04-05 07:00:00,115.88367657726633
2025-04-05 08:00:00,121.09714693282159
2025-04-05 09:00:00,120.4677631820016
2025-04-05 10:00:00,105.18075829875018
2025-04-05 11:00:00,109.65914270113048
2025-04-05 12:00:00,102.18425312329501
2025-04-05 13:00:00,99.69531880479188
2025-04-05 14:00:00,97.49754219402988
2025-04-05 15:00:00,90.75529750610866
2025-04-05 16:00:00,87.32283006698502
2025-04-05 17:00:00,88.37066326874115
2025-04-05 18:00:00,83.08293490394713
2025-04-05 19:00:00,83.31119814097248
2025-04-05 20:00:00,91.5848613720619
2025-04-05 21:00:00,86.37363261883658
2025-04-05 22:00:00,96.46201706223637
2025-04-05 23:00:00,98.9902908344705
2025-04-06 00:00:00,93.84890298666902
2025-04-06 01:00:00,101.65893013640247
2025-04-06 02:00:00,112.50334198820269
2025-04-06 03:00:00,106.65443963774993
2025-04-06 04:00:00,110.85681248027352
2025-04-06 05:00:00,115.81903070063008
2025-04-06 06:00:00,117.37995712075556
2025-04-06 07:00:00,112.50059833904861
2025-04-06 08:00:00,109.39697643556906
2025-04-06 09:00:00,114.87909725545748
2025-04-06 10:00:00,112.83290630152919
2025-04-06 11:00:00,105.97751899609847
2025-04-06 12:00:00,98.33204789273422
2025-04-06 13:00:00,90.69514866160463
2025-04-06 14:00:00,86.81744392270483
2025-04-06 15:00:00,88.96064513351867
2025-04-06 16:00:00,86.00784490121266
2025-04-06 17:00:00,88.29927241473358
2025-04-06 18:00:00,84.65059029286643
2025-04-06 19:00:00,76.42468649822656
2025-04-06 20:00:00,88.03066485215327
2025-04-06 21:00:00,82.11218683828001
2025-04-06 22:00:00,87.58348245432418
2025-04-06 23:00:00,93.65691080719891
2025-04-07 00:00:00,104.4509012113452
2025-04-07 01:00:00,112.73093494497834
2025-04-07 02:00:00,106.28760473764893
2025-04-07 03:00:00,106.19732895529597
2025-04-07 04:00:00,111.42583694538575
2025-04-07 05:00:00,114.32201941229087
2025-04-07 06:00:00,109.99609773115859
2025-04-07 07:00:00,117.95594769368608
2025-04-07 08:00:00,110.21550651071165
2025-04-07 09:00:00,108.93220147026678
2025-04-07 10:00:00,106.53922775428688
2025-04-07 11:00:00,101.99612996961902
2025-04-07 12:00:00,99.84622062153483
2025-04-07 13:00:00,90.2130291646941
2025-04-07 14:00:00,86.91579701627846
2025-04-07 15:00:00,81.73715346681955
2025-04-07 16:00:00,85.61792491615316
2025-04-07 17:00:00,85.5935038929658
2025-04-07 18:00:00,83.92433612222172
2025-04-07 19:00:00,89.43900707247117
2025-04-07 20:00:00,84.36373179971656
2025-04-07 21:00:00,89.60112375344046
2025-04-07 22:00:00,85.83169102422954
2025-04-07 23:00:00,92.44279027936739
2025-04-08 00:00:00,100.83960845507475
2025-04-08 01:00:00,105.52888189952414
2025-04-08 02:00:00,104.7755310805019
2025-04-08 03:00:00,108.9810165872909
2025-04-08 04:00:00,105.79702257491459
2025-04-08 05:00:00,112.16384198854351
2025-04-08 06:00:00,117.89683720748894
2025-04-08 07:00:00,116.36422122307464
2025-04-08 08:00:00,114.81341100730376
2025-04-08 09:00:00,110.8782196645408
2025-04-08 10:00:00,107.8588847252739
2025-04-08 11:00:00,101.83533646384188
2025-04-08 12:00:00,103.65858041987329
2025-04-08 13:00:00,98.938658839085
2025-04-08 14:00:00,95.8833884102843
2025-04-08 15:00:00,88.98691990975414
2025-04-08 16:00:00,80.37995164294611
2025-04-08 17:00:00,92.17276914696424
2025-04-08 18:00:00,85.64993304004177
2025-04-08 19:00:00,84.92001930853431
2025-04-08 20:00:00,92.94035135844697
2025-04-08 21:00:00,91.28063909128585
2025-04-08 22:00:00,100.49476424570184
2025-04-08 23:00:00,102.64132030638649
2025-04-09 00:00:00,107.09084131225153
2025-04-09 01:00:00,103.07600868601573
2025-04-09 02:00:00,117.30588527092637
2025-04-09 03:00:00,116.90944051286948
2025-04-09 04:00:00,117.06958377112188
2025-04-09 05:00:00,120.91555954355998
2025-04-09 06:00:00,114.04290424322917
2025-04-09 07:00:00,122.5635809848716
2025-04-09 08:00:00,115.60231868373853
2025-04-09 09:00:00,112.21138761509945
2025-04-09 10:00:00,108.70837827571344
2025-04-09 11:00:00,115.90911447733049
2025-04-09 12:00:00,105.33280772506554
2025-04-09 13:00:00,110.37141785682846
2025-04-09 14:00:00,98.73929009592763
2025-04-09 15:00:00,91.2045712927092
2025-04-09 16:00:00,91.43628215732531
2025-04-09 17:00:00,99.59297336027774
2025-04-09 18:00:00,93.75423077374138
2025-04-09 19:00:00,92.92802006116541
2025-04-09 20:00:00,97.48468338067102
2025-04-09 21:00:00,101.45284538884346
2025-04-09 22:00:00,107.23132443134881
2025-04-09 23:00:00,112.37465150191773
2025-04-10 00:00:00,109.21659603092958
2025-04-10 01:00:00,109.41774820530443
2025-04-10 02:00:00,116.86077286561623
2025-04-10 03:00:00,122.8280929341588
2025-04-10 04:00:00,120.47197645902253
2025-04-10 05:00:00,122.14348704023661
2025-04-10 06:00:00,127.99503490748324
2025-04-10 07:00:00,126.04076075369925
2025-04-10 08:00:00,124.9843960268721
2025-04-10 09:00:00,119.54137630139032
2025-04-10 10:00:00,118.64252115001248
2025-04-10 11:00:00,112.3341535509448
2025-04-10 12:00:00,115.78346306374264
2025-04-10 13:00:00,112.54434185063194
2025-04-10 14:00:00,97.45284584387672
2025-04-10 15:00:00,98.05385548422726
2025-04-10 16:00:00,93.43178754459254
2025-04-10 17:00:00,95.33793003123357
2025-04-10 18:00:00,97.1006079263491
2025-04-10 19:00:00,92.14314945130815
2025-04-10 20:00:00,95.73787443493295
2025-04-10 21:00:00,97.76718312039297
2025-04-10 22:00:00,105.68148485538921
2025-04-10 23:00:00,108.69924466608572
2025-04-11 00:00:00,109.35794657333926
2025-04-11 01:00:00,116.76430154526143
2025-04-11 02:00:00,117.40704015841352
2025-04-11 03:00:00,121.52207825005583
2025-04-11 04:00:00,131.58406201883034
2025-04-11 05:00:00,131.63796454079338
2025-04-11 06:00:00,121.46601316846566
2025-04-11 07:00:00,129.33917966746677
2025-04-11 08:00:00,127.62446223920651
2025-04-11 09:00:00,117.24948617143201
2025-04-11 10:00:00,121.84901706498654
2025-04-11 11:00:00,120.93664416438173
2025-04-11 12:00:00,106.2321734914465
2025-04-11 13:00:00,102.98102996186988
2025-04-11 14:00:00,106.90646625993332
2025-04-11 15:00:00,100.60949147353848
2025-04-11 16:00:00,99.13201592552142
2025-04-11 17:00:00,96.5687310212734
2025-04-11 18:00:00,96.02951663898533
2025-04-11 19:00:00,89.43645239803112
2025-04-11 20:00:00,100.18796933587168
2025-04-11 21:00:00,102.81238624629897
2025-04-11 22:00:00,100.06866068661238
2025-04-11 23:00:00,104.17003149389711
2025-04-12 00:00:00,101.83656812684333
2025-04-12 01:00:00,113.63022139991264
2025-04-12 02:00:00,117.20459074715475
2025-04-12 03:00:00,117.49555521142929
2025-04-12 04:00:00,124.34317323814395
2025-04-12 05:00:00,119.72232045846478
2025-04-12 06:00:00,123.539633083074
2025-04-12 07:00:00,116.4004170853405
2025-04-12 08:00:00,118.59325705176965
2025-04-12 09:00:00,115.31149924472396
2025-04-12 10:00:00,113.5075234671869
2025-04-12 11:00:00,107.21361082636798
2025-04-12 12:00:00,103.98626520888588
2025-04-12 13:00:00,103.63678132720968
2025-04-12 14:00:00,94.67096245516908
2025-04-12 15:00:00,86.58908650385494
2025-04-12 16:00:00,97.33518114469985
2025-04-12 17:00:00,94.07105305779756
2025-04-12 18:00:00,82.57405102322228
2025-04-12 19:00:00,90.72451302174015
2025-04-12 20:00:00,87.1666523022765
2025-04-12 21:00:00,92.33394076504136
2025-04-12 22:00:00,95.28484671889943
2025-04-12 23:00:00,96.51347760603693
2025-04-13 00:00:00,97.92825038373168
2025-04-13 01:00:00,101.91820768072581
2025-04-13 02:00:00,104.37331985833406
2025-04-13 03:00:00,107.56299607363398
2025-04-13 04:00:00,112.75689951356051
2025-04-13 05:00:00,111.41893031542567
2025-04-13 06:00:00,117.28578649072196
2025-04-13 07:00:00,119.76692164881685
2025-04-13 08:00:00,109.77798739310127
2025-04-13 09:00:00,110.45841895505046
2025-04-13 10:00:00,108.18723123179741
2025-04-13 11:00:00,104.26127902089522
2025-04-13 12:00:00,98.60577953838536
2025-04-13 13:00:00,97.21012436585251
2025-04-13 14:00:00,92.37940050390058
2025-04-13 15:00:00,82.23112216739322
2025-04-13 16:00:00,88.12205941946166
2025-04-13 17:00:00,86.55322453626093
2025-04-13 18:00:00,79.30682865025386
2025-04-13 19:00:00,82.89994219130244
2025-04-13 20:00:00,86.86737349675195
2025-04-13 21:00:00,85.57835721346619
2025-04-13 22:00:00,93.72246287744498
2025-04-13 23:00:00,102.42278310491706
2025-04-14 00:00:00,93.63547026591519
2025-04-14 01:00:00,95.0782654525876
2025-04-14 02:00:00,105.38717002776957
2025-04-14 03:00:00,110.12754859492924
2025-04-14 04:00:00,108.67553200033055
2025-04-14 05:00:00,116.89562350632589
2025-04-14 06:00:00,106.23552817874071
2025-04-14 07:00:00,113.85795990640973
2025-04-14 08:00:00,107.18296333515624
2025-04-14 09:00:00,114.12992388297714
2025-04-14 10:00:00,112.15677530298836
2025-04-14 11:00:00,97.55434032027472
2025-04-14 12:00:00,94.60341322026726
2025-04-14 13:00:00,96.43157660304622
2025-04-14 14:00:00,87.91166457715133
2025-04-14 15:00:00,86.26730867122411
2025-04-14 16:00:00,84.27265682008856
2025-04-14 17:00:00,75.1102483983728
2025-04-14 18:00:00,82.34907681748355
2025-04-14 19:00:00,80.29330938707051
2025-04-14 20:00:00,82.7248077296797
2025-04-14 21:00:00,93.0118682891916
2025-04-14 22:00:00,85.4836500959171
2025-04-14 23:00:00,97.55519298050274
2025-04-15 00:00:00,97.25278884773024
2025-04-15 01:00:00,101.32461592681408
2025-04-15 02:00:00,109.42406959961286
2025-04-15 03:00:00,110.93880191724585
2025-04-15 04:00:00,151.04973808080348
2025-04-15 05:00:00,117.77588057814765
2025-04-15 06:00:00,113.3212541649229
2025-04-15 07:00:00,111.92563736486348
2025-04-15 08:00:00,108.78132915979354
2025-04-15 09:00:00,107.68866594014791
2025-04-15 10:00:00,119.93819293624297
2025-04-15 11:00:00,109.76652248892965
2025-04-15 12:00:00,95.77015241847621
2025-04-15 13:00:00,92.2761183788
2025-04-15 14:00:00,96.15396040943394
2025-04-15 15:00:00,93.59130161418311
2025-04-15 16:00:00,91.50004180794721
2025-04-15 17:00:00,87.07551826998066
2025-04-15 18:00:00,87.37464896831008
2025-04-15 19:00:00,89.99382360559036
2025-04-15 20:00:00,90.82119088021032
2025-04-15 21:00:00,84.28267130421932
2025-04-15 22:00:00,95.64700333146197
2025-04-15 23:00:00,97.07885391528431
2025-04-16 00:00:00,105.36859283932951
2025-04-16 01:00:00,120.79205068547725
2025-04-16 02:00:00,114.23921913552526
2025-04-16 03:00:00,114.92150278749158
2025-04-16 04:00:00,122.54508148026183
2025-04-16 05:00:00,122.58394036727408
2025-04-16 06:00:00,123.13940628087622
2025-04-16 07:00:00,123.66755525605771
2025-04-16 08:00:00,128.25716212003167
2025-04-16 09:00:00,113.40969816141663
2025-04-16 10:00:00,117.0035264720776
2025-04-16 11:00:00,108.06401960168982
2025-04-16 12:00:00,110.38309502945094
2025-04-16 13:00:00,100.87294411546503
2025-04-16 14:00:00,99.52421183796336
2025-04-16 15:00:00,97.16482661037617
2025-04-16 16:00:00,100.11682993874449
2025-04-16 17:00:00,98.63472780026567
2025-04-16 18:00:00,89.70613712394882
2025-04-16 19:00:00,95.65208883537338
2025-04-16 20:00:00,94.3174742025093
2025-04-16 21:00:00,94.72287794571912
2025-04-16 22:00:00,102.2048441102874
2025-04-16 23:00:00,105.65790657276851
2025-04-17 00:00:00,120.67371970371377
2025-04-17 01:00:00,116.76496139532115
2025-04-17 02:00:00,113.3153466513397
2025-04-17 03:00:00,119.83905803538946
2025-04-17 04:00:00,128.72372848982866
2025-04-17 05:00:00,134.6370449355427
2025-04-17 06:00:00,120.58713327657824
2025-04-17 07:00:00,119.0268557636709
2025-04-17 08:00:00,132.6482518909595
2025-04-17 09:00:00,124.44499749392095
2025-04-17 10:00:00,116.40213622357695
2025-04-17 11:00:00,118.48078561675302
2025-04-17 12:00:00,101.99086160742121
2025-04-17 13:00:00,108.72802968237248
2025-04-17 14:00:00,106.46006512844826
2025-04-17 15:00:00,105.78016262739494
2025-04-17 16:00:00,95.67350390002848
2025-04-17 17:00:00,98.59195755872112
2025-04-17 18:00:00,94.04384444551853
2025-04-17 19:00:00,99.27444849704575
2025-04-17 20:00:00,96.15511154222902
2025-04-17 21:00:00,100.46179239632525
2025-04-17 22:00:00,101.18033710287841
2025-04-17 23:00:00,111.33759542948117
2025-04-18 00:00:00,115.98988439756076
2025-04-18 01:00:00,115.42971892112166
2025-04-18 02:00:00,120.05789562085003
2025-04-18 03:00:00,117.12551617707182
2025-04-18 04:00:00,124.00273020985507
2025-04-18 05:00:00,126.38648500971125
2025-04-18 06:00:00,137.45869362454232
2025-04-18 07:00:00,121.88356503709996
2025-04-18 08:00:00,130.5467681204965
2025-04-18 09:00:00,126.14115756455243
2025-04-18 10:00:00,120.00763525217444
2025-04-18 11:00:00,122.13058157175728
2025-04-18 12:00:00,112.5219577510985
2025-04-18 13:00:00,108.51886117284558
2025-04-18 14:00:00,102.93452092473599
2025-04-18 15:00:00,104.72896890415599
2025-04-18 16:00:00,101.62317090405259
2025-04-18 17:00:00,93.01484814993303
2025-04-18 18:00:00,89.500927321124
2025-04-18 19:00:00,94.24160150593896
2025-04-18 20:00:00,93.10972739604227
2025-04-18 21:00:00,98.19111112237367
2025-04-18 22:00:00,106.24715934586698
2025-04-18 23:00:00,102.82591581705127
2025-04-19 00:00:00,108.10088775606567
2025-04-19 01:00:00,112.11647645932231
2025-04-19 02:00:00,118.62126765336514
2025-04-19 03:00:00,109.06794508773413
2025-04-19 04:00:00,117.73014176384687
2025-04-19 05:00:00,122.21494729574914
2025-04-19 06:00:00,126.39270834945346
2025-04-19 07:00:00,118.82264779433058
2025-04-19 08:00:00,111.49243797534571
2025-04-19 09:00:00,118.79894520444654
2025-04-19 10:00:00,110.37602536796592
2025-04-19 11:00:00,104.24423504958527
2025-04-19 12:00:00,102.32595717696663
2025-04-19 13:00:00,99.90567435506722
2025-04-19 14:00:00,94.3102238902159
2025-04-19 15:00:00,84.50431382265887
2025-04-19 16:00:00,94.23629345967339
2025-04-19 17:00:00,93.95592005239695
2025-04-19 18:00:00,90.66037291324909
2025-04-19 19:00:00,83.72612226330682
2025-04-19 20:00:00,88.68376839293869
2025-04-19 21:00:00,91.56508978704528
2025-04-19 22:00:00,96.8143109053389
2025-04-19 23:00:00,100.43565390642031
2025-04-20 00:00:00,98.43780099521072
2025-04-20 01:00:00,105.3195372598925
2025-04-20 02:00:00,110.17839228296599
2025-04-20 03:00:00,117.02475733938775
2025-04-20 04:00:00,116.15482197730297
2025-04-20 05:00:00,117.74938016561745
2025-04-20 06:00:00,115.20406788383525
2025-04-20 07:00:00,119.77095675253307
2025-04-20 08:00:00,114.04843468666697
2025-04-20 09:00:00,106.36763245646148
2025-04-20 10:00:00,112.11315381533186
2025-04-20 11:00:00,105.47606617162117
2025-04-20 12:00:00,96.84096552645224
2025-04-20 13:00:00,92.63260596706523
2025-04-20 14:00:00,91.94789001798787
2025-04-20 15:00:00,89.34569418201828
2025-04-20 16:00:00,85.745787368676
2025-04-20 17:00:00,84.56047902521195
2025-04-20 18:00:00,89.47098570952006
2025-04-20 19:00:00,87.34554660269782
2025-04-20 20:00:00,85.20778303481468
2025-04-20 21:00:00,90.4920379590995
2025-04-20 22:00:00,85.61163821651664
2025-04-20 23:00:00,94.87018447047426
2025-04-21 00:00:00,104.3278229396334
2025-04-21 01:00:00,100.04144342787905
2025-04-21 02:00:00,101.0925430751196
2025-04-21 03:00:00,104.9441261642984
2025-04-21 04:00:00,105.55164849058698
2025-04-21 05:00:00,108.2547163647776
2025-04-21 06:00:00,110.41910212751995
2025-04-21 07:00:00,105.77520048181522
2025-04-21 08:00:00,109.98006309823687
2025-04-21 09:00:00,111.17270409754008
2025-04-21 10:00:00,100.86687231397357
2025-04-21 11:00:00,107.00928551022207
2025-04-21 12:00:00,99.15599326226057
2025-04-21 13:00:00,97.42673054187016
2025-04-21 14:00:00,87.14003210514622
2025-04-21 15:00:00,90.1782375954663
2025-04-21 16:00:00,80.11455068058345
2025-04-21 17:00:00,86.66111417075638
2025-04-21 18:00:00,83.402968305281
2025-04-21 19:00:00,85.57640850751301
2025-04-21 20:00:00,80.3061037410255
2025-04-21 21:00:00,83.96824405045717
2025-04-21 22:00:00,93.20977369029201
2025-04-21 23:00:00,90.82016336085974
2025-04-22 00:00:00,100.53264888170142
2025-04-22 01:00:00,97.28628851920222
2025-04-22 02:00:00,109.96646201031852
2025-04-22 03:00:00,104.95968662414346
2025-04-22 04:00:00,114.70008360084799
2025-04-22 05:00:00,116.71684881484681
2025-04-22 06:00:00,112.17058356818418
2025-04-22 07:00:00,117.01387371547983
2025-04-22 08:00:00,114.4748834636048
2025-04-22 09:00:00,109.1461237795395
2025-04-22 10:00:00,104.41877964295001
2025-04-22 11:00:00,97.24848454353915
2025-04-22 12:00:00,102.88423321675405
2025-04-22 13:00:00,91.61792226457136
2025-04-22 14:00:00,94.91905610457063
2025-04-22 15:00:00,90.65963270458884
2025-04-22 16:00:00,92.33226071267721
2025-04-22 17:00:00,87.19834259048254
2025-04-22 18:00:00,86.86985800717973
2025-04-22 19:00:00,91.92097147035294
2025-04-22 20:00:00,92.12903411561949
2025-04-22 21:00:00,94.73567976818528
2025-04-22 22:00:00,98.75445535724268
2025-04-22 23:00:00,94.65337430374454
2025-04-23 00:00:00,108.00608502788914
2025-04-23 01:00:00,111.61207299536552
2025-04-23 02:00:00,109.01374310356638
2025-04-23 03:00:00,115.51048278173037
2025-04-23 04:00:00,119.01182946608917
2025-04-23 05:00:00,120.42638482507645
2025-04-23 06:00:00,123.1056513295894
2025-04-23 07:00:00,127.27680315476663
2025-04-23 08:00:00,124.6692379156514
2025-04-23 09:00:00,112.99555827324025
2025-04-23 10:00:00,117.90846127030288
2025-04-23 11:00:00,117.39646054400455
2025-04-23 12:00:00,110.019461671084
2025-04-23 13:00:00,109.22279500640002
2025-04-23 14:00:00,109.55394401943208
2025-04-23 15:00:00,102.75120759600253
2025-04-23 16:00:00,97.52198058817925
2025-04-23 17:00:00,99.45244706508122
2025-04-23 18:00:00,95.57974110636825
2025-04-23 19:00:00,95.83914770875998
2025-04-23 20:00:00,96.06131982289709
2025-04-23 21:00:00,106.32173416799482
2025-04-23 22:00:00,100.11038079246417
2025-04-23 23:00:00,113.33249176955175
2025-04-24 00:00:00,113.27749339753893
2025-04-24 01:00:00,109.74708053891644
2025-04-24 02:00:00,120.60759697056824
2025-04-24 03:00:00,114.00923116571387
2025-04-24 04:00:00,127.45141051968216
2025-04-24 05:00:00,130.13538292026516
2025-04-24 06:00:00,124.8728258471682
2025-04-24 07:00:00,127.35192723229592
2025-04-24 08:00:00,133.29220406871931
2025-04-24 09:00:00,121.17473711163632
2025-04-24 10:00:00,115.95085994710139
2025-04-24 11:00:00,122.58010602636217
2025-04-24 12:00:00,120.6953844698588
2025-04-24 13:00:00,109.04049348762045
2025-04-24 14:00:00,109.50581572295619
2025-04-24 15:00:00,107.76016887561273
2025-04-24 16:00:00,97.07033392329258
2025-04-24 17:00:00,96.61916871588271
2025-04-24 18:00:00,102.98022414662218
2025-04-24 19:00:00,105.30415373342873
2025-04-24 20:00:00,102.29920341662464
2025-04-24 21:00:00,98.88612148320507
2025-04-24 22:00:00,113.42302627308295
2025-04-24 23:00:00,106.92035001518613
2025-04-25 00:00:00,111.52671195049406
2025-04-25 01:00:00,118.04873568315561
2025-04-25 02:00:00,126.43276846811635
2025-04-25 03:00:00,126.64696888606086
2025-04-25 04:00:00,127.17208194757598
2025-04-25 05:00:00,128.7516407425968
2025-04-25 06:00:00,127.46076307924264
2025-04-25 07:00:00,128.87517434251666
2025-04-25 08:00:00,114.8830019989553
2025-04-25 09:00:00,121.27847577865684
2025-04-25 10:00:00,120.16156051812789
2025-04-25 11:00:00,110.80322644474563
2025-04-25 12:00:00,112.89001227616252
2025-04-25 13:00:00,106.45552265047452
2025-04-25 14:00:00,110.48008947431501
2025-04-25 15:00:00,106.43795541958889
2025-04-25 16:00:00,95.68525483658307
2025-04-25 17:00:00,95.22538959789719
2025-04-25 18:00:00,94.79330898133189
2025-04-25 19:00:00,93.55806929512971
2025-04-25 20:00:00,97.40116473399061
2025-04-25 21:00:00,95.72326428953062
2025-04-25 22:00:00,97.08612861162761
2025-04-25 23:00:00,107.45715047724528
2025-04-26 00:00:00,111.10148276244666
2025-04-26 01:00:00,108.97830562569295
2025-04-26 02:00:00,119.1201489918403
2025-04-26 03:00:00,115.84037465125834
2025-04-26 04:00:00,121.48078703930601
2025-04-26 05:00:00,124.96237172132724
2025-04-26 06:00:00,121.76912540917733
2025-04-26 07:00:00,122.9204043771666
2025-04-26 08:00:00,117.24411336820874
2025-04-26 09:00:00,115.84541623111642
2025-04-26 10:00:00,112.40522034399397
2025-04-26 11:00:00,106.32777144403094
2025-04-26 12:00:00,104.42742522760336
2025-04-26 13:00:00,94.76048573448259
2025-04-26 14:00:00,95.07577070404723
2025-04-26 15:00:00,92.49825922182326
2025-04-26 16:00:00,89.93449280638906
2025-04-26 17:00:00,88.20161324804494
2025-04-26 18:00:00,88.11841129269696
2025-04-26 19:00:00,90.50581416159615
2025-04-26 20:00:00,93.29898596950498
2025-04-26 21:00:00,89.30329728481716
2025-04-26 22:00:00,89.91751306978198
2025-04-26 23:00:00,93.90529744682155
2025-04-27 00:00:00,99.73686764978915
2025-04-27 01:00:00,103.8950529072181
2025-04-27 02:00:00,105.58046954396241
2025-04-27 03:00:00,106.32818453804812
2025-04-27 04:00:00,111.8234956523541
2025-04-27 05:00:00,115.63004304081709
2025-04-27 06:00:00,117.56006237970657
2025-04-27 07:00:00,112.21061110353243
2025-04-27 08:00:00,111.06857535850096
2025-04-27 09:00:00,106.41637400601202
2025-04-27 10:00:00,106.68510039758034
2025-04-27 11:00:00,99.60192168894875
2025-04-27 12:00:00,101.21683600817792
2025-04-27 13:00:00,87.71829501317094
2025-04-27 14:00:00,89.63425229186029
2025-04-27 15:00:00,89.00856750196041
2025-04-27 16:00:00,86.00313951568788
2025-04-27 17:00:00,94.39856213160893
2025-04-27 18:00:00,84.38153945373254
2025-04-27 19:00:00,79.35433875063686
2025-04-27 20:00:00,84.37456682564519
2025-04-27 21:00:00,79.93299344640978
2025-04-27 22:00:00,89.7305179776857
2025-04-27 23:00:00,90.25743518692818
2025-04-28 00:00:00,101.06334178718905
2025-04-28 01:00:00,99.02664905531384
2025-04-28 02:00:00,104.3271982706623
2025-04-28 03:00:00,105.321433497299
2025-04-28 04:00:00,117.17676919161511
2025-04-28 05:00:00,110.41997607706296
2025-04-28 06:00:00,119.54254584004323
2025-04-28 07:00:00,114.96525875124892
2025-04-28 08:00:00,112.15703981602663
2025-04-28 09:00:00,109.34971113591152
2025-04-28 10:00:00,106.38426937167308
2025-04-28 11:00:00,93.53264264251781
2025-04-28 12:00:00,96.30847447579237
2025-04-28 13:00:00,96.99622322835647
2025-04-28 14:00:00,89.88696473090663
2025-04-28 15:00:00,81.45056044423225
2025-04-28 16:00:00,84.58385162410144
2025-04-28 17:00:00,90.2277293766784
2025-04-28 18:00:00,88.01436095249213
2025-04-28 19:00:00,83.42657073435643
2025-04-28 20:00:00,89.12546241600322
2025-04-28 21:00:00,86.39367848233725
2025-04-28 22:00:00,84.31655761421905
2025-04-28 23:00:00,91.22687456948589
2025-04-29 00:00:00,105.24256193158533
2025-04-29 01:00:00,101.97005056197175
2025-04-29 02:00:00,105.91141238639761
2025-04-29 03:00:00,109.0016102423627
2025-04-29 04:00:00,120.41861335266888
2025-04-29 05:00:00,121.02934388595776
2025-04-29 06:00:00,124.14397491994141
2025-04-29 07:00:00,114.36076974978715
2025-04-29 08:00:00,114.92679550950638
2025-04-29 09:00:00,105.54610415087288
2025-04-29 10:00:00,114.67191922797335
2025-04-29 11:00:00,100.739052249403
2025-04-29 12:00:00,102.66391842685263
2025-04-29 13:00:00,93.79910638373669
2025-04-29 14:00:00,92.4933951440974
2025-04-29 15:00:00,88.67555898896474
2025-04-29 16:00:00,87.49537171246699
2025-04-29 17:00:00,86.56121692009218
2025-04-29 18:00:00,86.30575711711398
2025-04-29 19:00:00,92.63800744456704
2025-04-29 20:00:00,86.68053397127993
2025-04-29 21:00:00,94.66440479175695
2025-04-29 22:00:00,102.0604047514783
2025-04-29 23:00:00,99.0540604827635
2025-04-30 00:00:00,102.41843788919655
2025-04-30 01:00:00,108.55128246283587
2025-04-30 02:00:00,118.1105595955626
2025-04-30 03:00:00,117.57441834448782
2025-04-30 04:00:00,117.35538458241629
2025-04-30 05:00:00,123.21106171168171
2025-04-30 06:00:00,117.67222600821587
2025-04-30 07:00:00,124.5879572134598
2025-04-30 08:00:00,122.28778338001298
2025-04-30 09:00:00,117.32438430665593
2025-04-30 10:00:00,112.37702125953655
2025-04-30 11:00:00,108.84518672097593
2025-04-30 12:00:00,110.92268007795941
2025-04-30 13:00:00,110.08597845985778
2025-04-30 14:00:00,99.26681439275934
2025-04-30 15:00:00,100.80109937002612
2025-04-30 16:00:00,88.48782127545056
2025-04-30 17:00:00,93.2448053903602
2025-04-30 18:00:00,95.18713718674346
2025-04-30 19:00:00,92.41598501193951
2025-04-30 20:00:00,94.0321344108407
2025-04-30 21:00:00,97.70814565103676
2025-04-30 22:00:00,104.86404951378202
2025-04-30 23:00:00,106.76488794145956
2025-05-01 00:00:00,102.63629511352508
2025-05-01 01:00:00,107.17268777183145
2025-05-01 02:00:00,117.02072223142122
2025-05-01 03:00:00,124.55126668477929
2025-05-01 04:00:00,114.27054222570314
2025-05-01 05:00:00,124.90671942794933
2025-05-01 06:00:00,125.4484413879531
2025-05-01 07:00:00,132.72227070555346
2025-05-01 08:00:00,124.24667023111417
2025-05-01 09:00:00,125.04086301189453
2025-05-01 10:00:00,121.06270199992446
2025-05-01 11:00:00,108.44236964152827
2025-05-01 12:00:00,116.2290477185078
2025-05-01 13:00:00,110.19847996629949
2025-05-01 14:00:00,107.80422128426794
2025-05-01 15:00:00,118.41039918348122
2025-05-01 16:00:00,92.01500223969754
2025-05-01 17:00:00,105.77036180064466
2025-05-01 18:00:00,97.21811916064817
2025-05-01 19:00:00,100.02459538045295
2025-05-01 20:00:00,100.1768141389683
2025-05-01 21:00:00,101.0196167078659
2025-05-01 22:00:00,103.5066332575775
2025-05-01 23:00:00,110.67345169297347
2025-05-02 00:00:00,107.10975143274062
2025-05-02 01:00:00,119.99288415953002
2025-05-02 02:00:00,118.86253230996064
2025-05-02 03:00:00,119.02197076793769
2025-05-02 04:00:00,124.023751658392
2025-05-02 05:00:00,132.23826663382133
2025-05-02 06:00:00,125.4565472008503
2025-05-02 07:00:00,128.38761390152808
2025-05-02 08:00:00,122.38860035111729
2025-05-02 09:00:00,125.80777615887597
2025-05-02 10:00:00,122.24948687786684
2025-05-02 11:00:00,123.11290125665445
2025-05-02 12:00:00,110.95364636716806
2025-05-02 13:00:00,110.25920989769764
2025-05-02 14:00:00,104.16163998345417
2025-05-02 15:00:00,105.64054679042702
2025-05-02 16:00:00,94.98433070686653
2025-05-02 17:00:00,99.11994483992008
2025-05-02 18:00:00,94.62149320354513
2025-05-02 19:00:00,95.41913763558047
2025-05-02 20:00:00,97.2992578799185
2025-05-02 21:00:00,100.07653729503484
2025-05-02 22:00:00,101.45485692313717
2025-05-02 23:00:00,106.13634145857218
2025-05-03 00:00:00,115.20701980005401
2025-05-03 01:00:00,116.44855055104122
2025-05-03 02:00:00,119.32652878302478
2025-05-03 03:00:00,116.85571060807129
2025-05-03 04:00:00,117.22234591848704
2025-05-03 05:00:00,125.81338104807479
2025-05-03 06:00:00,125.71894598235778
2025-05-03 07:00:00,127.3033065758519
2025-05-03 08:00:00,117.20509258412773
2025-05-03 09:00:00,116.0242710876328
2025-05-03 10:00:00,106.9819045616605
2025-05-03 11:00:00,108.055383550197
2025-05-03 12:00:00,109.43198706662942
2025-05-03 13:00:00,99.40016055726996
2025-05-03 14:00:00,99.91348801766425
2025-05-03 15:00:00,93.18693191555751
2025-05-03 16:00:00,92.56662307350437
2025-05-03 17:00:00,84.88802061651194
2025-05-03 18:00:00,89.01748903491936
2025-05-03 19:00:00,76.9346873498956
2025-05-03 20:00:00,89.36451618457383
2025-05-03 21:00:00,85.69164836159447
2025-05-03 22:00:00,99.86547770177174
2025-05-03 23:00:00,101.49428765109931
2025-05-04 00:00:00,103.86354640668065
2025-05-04 01:00:00,111.69794623136906
2025-05-04 02:00:00,105.17597086969742
2025-05-04 03:00:00,118.81328713095603
2025-05-04 04:00:00,117.6879283635386
2025-05-04 05:00:00,114.26929855573191
2025-05-04 06:00:00,120.0336082493423
2025-05-04 07:00:00,110.3263124105651
2025-05-04 08:00:00,109.73369314521068
2025-05-04 09:00:00,107.99999149268923
2025-05-04 10:00:00,105.0061293910687
2025-05-04 11:00:00,99.0805887989162
2025-05-04 12:00:00,104.12784016783961
2025-05-04 13:00:00,94.137526523675
2025-05-04 14:00:00,92.79397399934453
2025-05-04 15:00:00,85.8339158237867
2025-05-04 16:00:00,78.29657139244954
2025-05-04 17:00:00,85.01784005349869
2025-05-04 18:00:00,75.64450259802813
2025-05-04 19:00:00,83.40720409790926
2025-05-04 20:00:00,79.59434680291548
2025-05-04 21:00:00,95.29826592144593
2025-05-04 22:00:00,94.0095510078189
2025-05-04 23:00:00,94.32385772426458
2025-05-05 00:00:00,102.76779053981292
2025-05-05 01:00:00,98.15072938807722
2025-05-05 02:00:00,107.27936259276953
2025-05-05 03:00:00,108.97408974203863
2025-05-05 04:00:00,111.58862725378337
2025-05-05 05:00:00,117.10554428620831
2025-05-05 06:00:00,115.45346922149197
2025-05-05 07:00:00,113.17472949832244
2025-05-05 08:00:00,103.92040630601768
2025-05-05 09:00:00,104.34577650976914
2025-05-05 10:00:00,104.62942758867054
2025-05-05 11:00:00,101.92800560125538
2025-05-05 12:00:00,93.2143762979466
2025-05-05 13:00:00,103.57348119017975
2025-05-05 14:00:00,96.45931283006273
2025-05-05 15:00:00,89.79097625726205
2025-05-05 16:00:00,85.3928000157921
2025-05-05 17:00:00,82.87365457629828
2025-05-05 18:00:00,79.53030339451064
2025-05-05 19:00:00,84.29569199014173
2025-05-05 20:00:00,86.66185861258889
2025-05-05 21:00:00,83.20384740613021
2025-05-05 22:00:00,92.77993277475127
2025-05-05 23:00:00,94.61488547095082
2025-05-06 00:00:00,91.67095977028696
2025-05-06 01:00:00,99.93566599041846
2025-05-06 02:00:00,105.54170931445849
2025-05-06 03:00:00,118.06289680107025
2025-05-06 04:00:00,115.33946263675791
2025-05-06 05:00:00,109.49476509235566
2025-05-06 06:00:00,117.52418228806575
2025-05-06 07:00:00,109.11891777988
2025-05-06 08:00:00,118.38624491431212
2025-05-06 09:00:00,110.03935888553123
2025-05-06 10:00:00,108.70081991279183
2025-05-06 11:00:00,111.02454018889034
2025-05-06 12:00:00,96.95934504171038
2025-05-06 13:00:00,92.9110268980614
2025-05-06 14:00:00,92.82564828991357
2025-05-06 15:00:00,96.4893072614887
2025-05-06 16:00:00,84.16067159750948
2025-05-06 17:00:00,77.70026848449227
2025-05-06 18:00:00,87.00538000742479
2025-05-06 19:00:00,91.8228181413363
2025-05-06 20:00:00,96.21221528673048
2025-05-06 21:00:00,92.24077677960568
2025-05-06 22:00:00,95.85404485803777
2025-05-06 23:00:00,106.03363202208757
2025-05-07 00:00:00,98.12232979765282
2025-05-07 01:00:00,108.23048100707236
2025-05-07 02:00:00,114.46453746606582
2025-05-07 03:00:00,118.90604585006045
2025-05-07 04:00:00,117.7521981323283
2025-05-07 05:00:00,121.72450229799962
2025-05-07 06:00:00,112.43926833815601
2025-05-07 07:00:00,119.54070866659906
2025-05-07 08:00:00,122.77857214367036
2025-05-07 09:00:00,114.93762519844066
2025-05-07 10:00:00,116.27848448392925
2025-05-07 11:00:00,114.49058355756586
2025-05-07 12:00:00,107.72439707338997
2025-05-07 13:00:00,106.16309467813456
2025-05-07 14:00:00,98.27629826398433
2025-05-07 15:00:00,98.45229058128268
2025-05-07 16:00:00,99.58797717246165
2025-05-07 17:00:00,96.52235130110893
2025-05-07 18:00:00,93.27643098421764
2025-05-07 19:00:00,97.26276744127574
2025-05-07 20:00:00,100.9477822167915
2025-05-07 21:00:00,92.4906819068496
2025-05-07 22:00:00,108.6427580045475
2025-05-07 23:00:00,106.48036820460827
2025-05-08 00:00:00,113.60236292402995
2025-05-08 01:00:00,120.75565922119839
2025-05-08 02:00:00,114.2726712981739
2025-05-08 03:00:00,120.19393947510211
2025-05-08 04:00:00,124.41754995734821
2025-05-08 05:00:00,124.0818091923039
2025-05-08 06:00:00,134.80436226161635
2025-05-08 07:00:00,124.05301436165898
2025-05-08 08:00:00,123.87575350426397
2025-05-08 09:00:00,124.63764634358827
2025-05-08 10:00:00,116.00025847951564
2025-05-08 11:00:00,115.69309585797886
2025-05-08 12:00:00,114.73721504122845
2025-05-08 13:00:00,108.31663547119284
2025-05-08 14:00:00,105.70878243421518
2025-05-08 15:00:00,100.89930305218799
2025-05-08 16:00:00,94.60475590521546
2025-05-08 17:00:00,100.46913119120369
2025-05-08 18:00:00,105.69882466908491
2025-05-08 19:00:00,99.26006943022131
2025-05-08 20:00:00,101.57110273341038
2025-05-08 21:00:00,105.79863620617265
2025-05-08 22:00:00,101.0198261285916
2025-05-08 23:00:00,116.47665852744404
2025-05-09 00:00:00,114.29894454936436
2025-05-09 01:00:00,123.82917823004682
2025-05-09 02:00:00,117.90636109165304
2025-05-09 03:00:00,131.12567895857637
2025-05-09 04:00:00,129.23560821075964
2025-05-09 05:00:00,129.7330132540267
2025-05-09 06:00:00,128.84516851057407
2025-05-09 07:00:00,126.27086810063783
2025-05-09 08:00:00,130.42573523212042
2025-05-09 09:00:00,123.64871138282174
2025-05-09 10:00:00,111.95036025260436
2025-05-09 11:00:00,111.5609032208878
2025-05-09 12:00:00,111.22370228463903
2025-05-09 13:00:00,109.13576975557336
2025-05-09 14:00:00,103.85419901394715
2025-05-09 15:00:00,105.64412596639642
2025-05-09 16:00:00,90.36643594539365
2025-05-09 17:00:00,97.0254584786776
2025-05-09 18:00:00,88.43954863070954
2025-05-09 19:00:00,99.02592267019774
2025-05-09 20:00:00,96.86559622860312
2025-05-09 21:00:00,101.0571987416706
2025-05-09 22:00:00,98.77542439751039
2025-05-09 23:00:00,110.70653159676849
2025-05-10 00:00:00,113.37262937028814
2025-05-10 01:00:00,115.15211216487377
2025-05-10 02:00:00,115.64302456982936
2025-05-10 03:00:00,121.30848099759211
2025-05-10 04:00:00,118.26292210369768
2025-05-10 05:00:00,125.72558459545313
2025-05-10 06:00:00,129.1238655337806
2025-05-10 07:00:00,126.00624925701139
2025-05-10 08:00:00,117.01378835302266
2025-05-10 09:00:00,118.6993181224135
2025-05-10 10:00:00,108.67845818097295
2025-05-10 11:00:00,112.22601236338828
2025-05-10 12:00:00,107.55930182000877
2025-05-10 13:00:00,94.0980598603027
2025-05-10 14:00:00,93.01561660545839
2025-05-10 15:00:00,93.12757189681916
2025-05-10 16:00:00,90.37813911630056
2025-05-10 17:00:00,84.9520615783454
2025-05-10 18:00:00,90.5437492980389
2025-05-10 19:00:00,90.2163088135068
2025-05-10 20:00:00,89.64620743355383
2025-05-10 21:00:00,89.50155848006871
2025-05-10 22:00:00,99.54751128549803
2025-05-10 23:00:00,105.31746983663867
2025-05-11 00:00:00,100.373799687676
2025-05-11 01:00:00,103.47643679835812
2025-05-11 02:00:00,111.24765075889196
2025-05-11 03:00:00,110.70289996455287
2025-05-11 04:00:00,113.71275644809093
2025-05-11 05:00:00,118.48531545575273
2025-05-11 06:00:00,108.16488645482784
2025-05-11 07:00:00,120.33587890386939
2025-05-11 08:00:00,113.63365503288449
2025-05-11 09:00:00,109.09956095164485
2025-05-11 10:00:00,107.07628675068585
2025-05-11 11:00:00,103.46771993428621
2025-05-11 12:00:00,92.62188582992725
2025-05-11 13:00:00,101.4638801792125
2025-05-11 14:00:00,91.86043979924482
2025-05-11 15:00:00,90.19851295547645
2025-05-11 16:00:00,89.69636682118643
2025-05-11 17:00:00,80.16414393393876
2025-05-11 18:00:00,85.49859324009454
2025-05-11 19:00:00,82.92235906290259
2025-05-11 20:00:00,88.7658732033596
2025-05-11 21:00:00,79.15143538736274
2025-05-11 22:00:00,90.27890606239933
2025-05-11 23:00:00,91.80074308028864
2025-05-12 00:00:00,99.75319877597833
2025-05-12 01:00:00,103.72735319166041
2025-05-12 02:00:00,102.58612464304838
2025-05-12 03:00:00,105.63733569470435
2025-05-12 04:00:00,110.40106859846547
2025-05-12 05:00:00,108.74074452076663
2025-05-12 06:00:00,116.20261873642764
2025-05-12 07:00:00,110.85418918947862
2025-05-12 08:00:00,99.22318631789179
2025-05-12 09:00:00,106.9978566086465
2025-05-12 10:00:00,101.27727118392438
2025-05-12 11:00:00,95.34059598655026
2025-05-12 12:00:00,93.09666778799722
2025-05-12 13:00:00,94.6755915194432
2025-05-12 14:00:00,96.01948306628819
2025-05-12 15:00:00,88.94642401539876
2025-05-12 16:00:00,82.98982216204163
2025-05-12 17:00:00,85.85729038083178
2025-05-12 18:00:00,81.81279913796998
2025-05-12 19:00:00,81.51855158365984
2025-05-12 20:00:00,81.32458092333194
2025-05-12 21:00:00,81.47475762529457
2025-05-12 22:00:00,90.19471542378135
2025-05-12 23:00:00,96.1793187701779
2025-05-13 00:00:00,99.22687846598458
2025-05-13 01:00:00,102.0245214659928
2025-05-13 02:00:00,103.7243303496023
2025-05-13 03:00:00,113.25631408269521
2025-05-13 04:00:00,108.1559056030835
2025-05-13 05:00:00,118.25198616837582
2025-05-13 06:00:00,111.88235219893461
2025-05-13 07:00:00,112.60957593046824
2025-05-13 08:00:00,108.4995230805477
2025-05-13 09:00:00,110.22943204950579
2025-05-13 10:00:00,113.28779764590585
2025-05-13 11:00:00,108.09504909674271
2025-05-13 12:00:00,106.3328709084081
2025-05-13 13:00:00,100.89925296649594
2025-05-13 14:00:00,91.0565494254229
2025-05-13 15:00:00,91.32381810434681
2025-05-13 16:00:00,87.42844252719283
2025-05-13 17:00:00,94.66237363733747
2025-05-13 18:00:00,84.33404399960173
2025-05-13 19:00:00,93.50182884349508
2025-05-13 20:00:00,95.29416691245734
2025-05-13 21:00:00,101.72308617905895
2025-05-13 22:00:00,96.1721880602313
2025-05-13 23:00:00,104.57850086763099
2025-05-14 00:00:00,115.0390870868356
2025-05-14 01:00:00,107.62518054431371
2025-05-14 02:00:00,107.87386406048354
2025-05-14 03:00:00,109.90031397353647
2025-05-14 04:00:00,122.95345616478319
2025-05-14 05:00:00,114.36532056318806
2025-05-14 06:00:00,121.21448468430256
2025-05-14 07:00:00,124.2341382083364
2025-05-14 08:00:00,122.01642258501796
2025-05-14 09:00:00,120.87976393644166
2025-05-14 10:00:00,117.24289016502107
2025-05-14 11:00:00,118.12973995185712
2025-05-14 12:00:00,105.59651149811269
2025-05-14 13:00:00,103.08444218455956
2025-05-14 14:00:00,99.34777388828489
2025-05-14 15:00:00,102.91068609176392
2025-05-14 16:00:00,101.05988999193234
2025-05-14 17:00:00,98.01054387875558
2025-05-14 18:00:00,100.66771387427949
2025-05-14 19:00:00,91.96492149885381
2025-05-14 20:00:00,105.06942264469662
2025-05-14 21:00:00,107.09458465225325
2025-05-14 22:00:00,107.26013287795273
2025-05-14 23:00:00,115.26376593866256
2025-05-15 00:00:00,105.58509350460545
2025-05-15 01:00:00,114.18006212581437
2025-05-15 02:00:00,117.1293353886123
2025-05-15 03:00:00,126.2288039240876
2025-05-15 04:00:00,121.68236492668849
2025-05-15 05:00:00,130.55798701839822
2025-05-15 06:00:00,133.65794367850236
2025-05-15 07:00:00,130.5720974815482
2025-05-15 08:00:00,127.54412786110404
2025-05-15 09:00:00,120.17977999782012
2025-05-15 10:00:00,117.73263586356683
2025-05-15 11:00:00,122.58547747043588
2025-05-15 12:00:00,116.8959811560943
2025-05-15 13:00:00,109.80318215545957
2025-05-15 14:00:00,104.72187483099822
2025-05-15 15:00:00,95.22458315378391
2025-05-15 16:00:00,96.69041061144654
2025-05-15 17:00:00,107.13961783865167
2025-05-15 18:00:00,93.86845324273243
2025-05-15 19:00:00,100.2555653362181
2025-05-15 20:00:00,105.01100530144622
2025-05-15 21:00:00,98.319237657942
2025-05-15 22:00:00,107.1471731581501
2025-05-15 23:00:00,113.7294451892157
2025-05-16 00:00:00,113.85080979554797
2025-05-16 01:00:00,129.08654600060166
2025-05-16 02:00:00,114.4752791824821
2025-05-16 03:00:00,128.39952853212773
2025-05-16 04:00:00,125.75496242928153
2025-05-16 05:00:00,130.9197166742106
2025-05-16 06:00:00,129.98548244420485
2025-05-16 07:00:00,124.64354092874217
2025-05-16 08:00:00,126.85077731230895
2025-05-16 09:00:00,115.96684924208184
2025-05-16 10:00:00,122.54281221348381
2025-05-16 11:00:00,117.53346607592648
2025-05-16 12:00:00,114.83290911222947
2025-05-16 13:00:00,112.43943026750675
2025-05-16 14:00:00,105.86221547463089
2025-05-16 15:00:00,101.67178363066037
2025-05-16 16:00:00,94.95775319914871
2025-05-16 17:00:00,93.91340682230731
2025-05-16 18:00:00,100.76958715721389
2025-05-16 19:00:00,102.0435982553308
2025-05-16 20:00:00,96.60217248536978
2025-05-16 21:00:00,99.87395298683435
2025-05-16 22:00:00,98.92368188414032
2025-05-16 23:00:00,110.59088239545312
2025-05-17 00:00:00,112.17858115306397
2025-05-17 01:00:00,120.89398784292861
2025-05-17 02:00:00,112.95898439281147
2025-05-17 03:00:00,117.78820340458581
2025-05-17 04:00:00,122.32745920999561
2025-05-17 05:00:00,125.20050325451918
2025-05-17 06:00:00,121.9744545505408
2025-05-17 07:00:00,118.54314579952573
2025-05-17 08:00:00,123.76901149219219
2025-05-17 09:00:00,120.44937344775023
2025-05-17 10:00:00,110.497111098001
2025-05-17 11:00:00,115.66940546735462
2025-05-17 12:00:00,110.7488661495902
2025-05-17 13:00:00,102.42569435166772
2025-05-17 14:00:00,98.2923265748573
2025-05-17 15:00:00,96.78754171250587
2025-05-17 16:00:00,88.4459489680855
2025-05-17 17:00:00,90.22127838092351
2025-05-17 18:00:00,80.68948334643977
2025-05-17 19:00:00,93.0274201040031
2025-05-17 20:00:00,84.48849421594574
2025-05-17 21:00:00,98.84958693866416
2025-05-17 22:00:00,94.34338554821191
2025-05-17 23:00:00,98.16035660080819
2025-05-18 00:00:00,100.10829314297159
2025-05-18 01:00:00,105.08413211553652
2025-05-18 02:00:00,115.26812862208214
2025-05-18 03:00:00,102.4949660016466
2025-05-18 04:00:00,119.68938993934188
2025-05-18 05:00:00,117.18997991750739
2025-05-18 06:00:00,111.28540735767437
2025-05-18 07:00:00,111.07260317650828
2025-05-18 08:00:00,120.35968818864663
2025-05-18 09:00:00,107.27468915437063
2025-05-18 10:00:00,103.13100446943314
2025-05-18 11:00:00,108.47844382790827
2025-05-18 12:00:00,101.21208569309577
2025-05-18 13:00:00,92.04360810750087
2025-05-18 14:00:00,92.87282031602919
2025-05-18 15:00:00,84.63467684337262
2025-05-18 16:00:00,90.60463647682644
2025-05-18 17:00:00,88.80546076791852
2025-05-18 18:00:00,86.04391358348776
2025-05-18 19:00:00,85.75075081573162
2025-05-18 20:00:00,92.73472574620924
2025-05-18 21:00:00,87.97027352256873
2025-05-18 22:00:00,86.25896990592854
2025-05-18 23:00:00,96.32110449900115
2025-05-19 00:00:00,106.6795183158343
2025-05-19 01:00:00,98.09932161369004
2025-05-19 02:00:00,104.28196029980644
2025-05-19 03:00:00,110.46299844806147
2025-05-19 04:00:00,110.93929382091873
2025-05-19 05:00:00,108.70928225276397
2025-05-19 06:00:00,117.63329852378736
2025-05-19 07:00:00,121.92236402358394
2025-05-19 08:00:00,111.94684817551975
2025-05-19 09:00:00,105.19205482043529
2025-05-19 10:00:00,99.54678751133176
2025-05-19 11:00:00,103.20878631752565
2025-05-19 12:00:00,102.77306685839943
2025-05-19 13:00:00,96.44981176234137
2025-05-19 14:00:00,91.0064875338652
2025-05-19 15:00:00,85.64778265702718
2025-05-19 16:00:00,81.35836432827803
2025-05-19 17:00:00,87.68386204969498
2025-05-19 18:00:00,87.61543000863462
2025-05-19 19:00:00,78.42521705779622
2025-05-19 20:00:00,92.61257065323362
2025-05-19 21:00:00,91.08954088012464
2025-05-19 22:00:00,97.66397197484808
2025-05-19 23:00:00,90.48977696080098
2025-05-20 00:00:00,94.46125966862806
2025-05-20 01:00:00,103.40369508296055
2025-05-20 02:00:00,109.82963544421766
2025-05-20 03:00:00,118.31995575191047
2025-05-20 04:00:00,116.55993208237554
2025-05-20 05:00:00,114.48833254999994
2025-05-20 06:00:00,112.09692658822435
2025-05-20 07:00:00,120.85050231500307
2025-05-20 08:00:00,110.81902528425339
2025-05-20 09:00:00,119.06009800038551
2025-05-20 10:00:00,108.56019235781467
2025-05-20 11:00:00,112.70604817768512
2025-05-20 12:00:00,105.44609076477832
2025-05-20 13:00:00,98.57388396923567
2025-05-20 14:00:00,93.70482639648527
2025-05-20 15:00:00,91.5945266365194
2025-05-20 16:00:00,92.57368895741018
2025-05-20 17:00:00,89.95988315029842
2025-05-20 18:00:00,87.05713609727867
2025-05-20 19:00:00,89.57569558891493
2025-05-20 20:00:00,92.34784269514476
2025-05-20 21:00:00,86.20085213878113
2025-05-20 22:00:00,99.95479003414832
2025-05-20 23:00:00,98.12151047469064
2025-05-21 00:00:00,101.61033327210481
2025-05-21 01:00:00,103.6575530078533
2025-05-21 02:00:00,107.14963820338723
2025-05-21 03:00:00,112.30974724096308
2025-05-21 04:00:00,117.57770736306288
2025-05-21 05:00:00,130.02214108977535
2025-05-21 06:00:00,120.91142533671984
2025-05-21 07:00:00,123.50706902949914
2025-05-21 08:00:00,123.18882912797106
2025-05-21 09:00:00,120.01342836881507
2025-05-21 10:00:00,116.35514004315908
2025-05-21 11:00:00,108.54428478845186
2025-05-21 12:00:00,115.52067035842998
2025-05-21 13:00:00,113.3323924571937
2025-05-21 14:00:00,96.01896003712424
2025-05-21 15:00:00,95.80498762501364
2025-05-21 16:00:00,96.65023741309
2025-05-21 17:00:00,92.65867456608696
2025-05-21 18:00:00,98.26878456478954
2025-05-21 19:00:00,94.07517930297895
2025-05-21 20:00:00,107.37193361396444
2025-05-21 21:00:00,106.0750076870258
2025-05-21 22:00:00,105.47912415574598
2025-05-21 23:00:00,112.55569850110474
2025-05-22 00:00:00,116.94637117699156
2025-05-22 01:00:00,114.33324786287778
2025-05-22 02:00:00,117.11686339741964
2025-05-22 03:00:00,123.966642025184
2025-05-22 04:00:00,129.6406555273358
2025-05-22 05:00:00,128.39543115990813
2025-05-22 06:00:00,122.17899631799783
2025-05-22 07:00:00,124.89117124965578
2025-05-22 08:00:00,126.42441545632633
2025-05-22 09:00:00,124.13979408836533
2025-05-22 10:00:00,129.3213915794729
2025-05-22 11:00:00,112.35423322390007
2025-05-22 12:00:00,116.11212525206507
2025-05-22 13:00:00,116.22689581052818
2025-05-22 14:00:00,115.79049513999834
2025-05-22 15:00:00,102.02140809773913
2025-05-22 16:00:00,103.25072124131174
2025-05-22 17:00:00,102.0841660631343
2025-05-22 18:00:00,100.08338559720181
2025-05-22 19:00:00,99.41344839062319
2025-05-22 20:00:00,103.03631411091254
2025-05-22 21:00:00,93.5211271333196
2025-05-22 22:00:00,109.44779236352069
2025-05-22 23:00:00,110.79367779806677
2025-05-23 00:00:00,113.22209606505338
2025-05-23 01:00:00,126.11156570506027
2025-05-23 02:00:00,118.76112328708001
2025-05-23 03:00:00,122.86349360057689
2025-05-23 04:00:00,134.7235657319324
2025-05-23 05:00:00,124.8149739797107
2025-05-23 06:00:00,126.33097584990801
2025-05-23 07:00:00,127.29924716770478
2025-05-23 08:00:00,129.60891281523556
2025-05-23 09:00:00,124.5408482213351
2025-05-23 10:00:00,115.2705039668361
2025-05-23 11:00:00,114.52334110370076
2025-05-23 12:00:00,110.16003384905332
2025-05-23 13:00:00,108.2092559305111
2025-05-23 14:00:00,106.40629389255825
2025-05-23 15:00:00,103.06343211926593
2025-05-23 16:00:00,91.68916267384775
2025-05-23 17:00:00,101.32923697139294
2025-05-23 18:00:00,97.34410720473728
2025-05-23 19:00:00,102.14756796712913
2025-05-23 20:00:00,99.64259068402681
2025-05-23 21:00:00,104.40641697300919
2025-05-23 22:00:00,104.71950377416319
2025-05-23 23:00:00,111.59594118344165
2025-05-24 00:00:00,111.91709954661545
2025-05-24 01:00:00,113.04864025554787
2025-05-24 02:00:00,125.8731987275625
2025-05-24 03:00:00,123.16756663402427
2025-05-24 04:00:00,124.00783634815785
2025-05-24 05:00:00,117.82051058170936
2025-05-24 06:00:00,117.99507777512358
2025-05-24 07:00:00,123.51703523415505
2025-05-24 08:00:00,121.13664931181756
2025-05-24 09:00:00,115.41952488178013
2025-05-24 10:00:00,115.03732144294933
2025-05-24 11:00:00,116.91332511935221
2025-05-24 12:00:00,109.16086435525364
2025-05-24 13:00:00,97.63565746791244
2025-05-24 14:00:00,97.83908296102827
2025-05-24 15:00:00,91.6626278488774
2025-05-24 16:00:00,90.65314472772202
2025-05-24 17:00:00,88.75787294599449
2025-05-24 18:00:00,87.69961833870698
2025-05-24 19:00:00,84.81223917834404
2025-05-24 20:00:00,90.5350315238874
2025-05-24 21:00:00,90.90466022180604
2025-05-24 22:00:00,84.25725430831582
2025-05-24 23:00:00,107.53009577078552
2025-05-25 00:00:00,107.28549052842216
2025-05-25 01:00:00,105.04226785576915
2025-05-25 02:00:00,109.98046258469958
2025-05-25 03:00:00,108.07076638276378
2025-05-25 04:00:00,121.67560305047948
2025-05-25 05:00:00,123.73822391643927
2025-05-25 06:00:00,117.05145200633581
2025-05-25 07:00:00,119.77915846969255
2025-05-25 08:00:00,114.66644633979523
2025-05-25 09:00:00,106.02099806288325
2025-05-25 10:00:00,106.40829618020915
2025-05-25 11:00:00,104.76808066978576
2025-05-25 12:00:00,98.35086645722522
2025-05-25 13:00:00,95.23188044815154
2025-05-25 14:00:00,91.9519053286195
2025-05-25 15:00:00,88.7253567307174
2025-05-25 16:00:00,86.72156798937345
2025-05-25 17:00:00,80.62873978708615
2025-05-25 18:00:00,81.35900733593458
2025-05-25 19:00:00,79.47695265219033
2025-05-25 20:00:00,89.91241858973144
2025-05-25 21:00:00,79.8601235898993
2025-05-25 22:00:00,95.91201092512537
2025-05-25 23:00:00,100.37978958096913
2025-05-26 00:00:00,97.43779091400283
2025-05-26 01:00:00,92.05699437937169
2025-05-26 02:00:00,104.59375226296056
2025-05-26 03:00:00,108.85166079474637
2025-05-26 04:00:00,107.42370348147212
2025-05-26 05:00:00,110.8888061432869
2025-05-26 06:00:00,119.57783103856524
2025-05-26 07:00:00,115.61309292896792
2025-05-26 08:00:00,107.77524902615836
2025-05-26 09:00:00,102.72911444524429
2025-05-26 10:00:00,104.74574348535485
2025-05-26 11:00:00,101.63423841948446
2025-05-26 12:00:00,100.6535373788329
2025-05-26 13:00:00,92.7190570703345
2025-05-26 14:00:00,93.37328434323486
2025-05-26 15:00:00,96.05666856867325
2025-05-26 16:00:00,89.30020609317403
2025-05-26 17:00:00,84.46368585931845
2025-05-26 18:00:00,83.53892478312542
2025-05-26 19:00:00,83.49262681208579
2025-05-26 20:00:00,135.1545123049417
2025-05-26 21:00:00,86.59518535698928
2025-05-26 22:00:00,92.55766737451229
2025-05-26 23:00:00,96.37426270651328
2025-05-27 00:00:00,98.2286026632913
2025-05-27 01:00:00,98.82089327473753
2025-05-27 02:00:00,109.4215788953533
2025-05-27 03:00:00,111.20167971702699
2025-05-27 04:00:00,116.04776144910828
2025-05-27 05:00:00,113.63583957573819
2025-05-27 06:00:00,121.3968717583863
2025-05-27 07:00:00,112.73458804352553
2025-05-27 08:00:00,121.83719126757448
2025-05-27 09:00:00,105.86686088622876
2025-05-27 10:00:00,111.74799435871377
2025-05-27 11:00:00,108.55662576156551
2025-05-27 12:00:00,99.85932047702453
2025-05-27 13:00:00,101.13062482269629
2025-05-27 14:00:00,101.21166970707867
2025-05-27 15:00:00,84.40206593273295
2025-05-27 16:00:00,93.18258456211834
2025-05-27 17:00:00,79.98935702835367
2025-05-27 18:00:00,85.88090565970685
2025-05-27 19:00:00,97.06606983403496
2025-05-27 20:00:00,90.01758958694694
2025-05-27 21:00:00,90.33145180305185
2025-05-27 22:00:00,97.6415498033022
2025-05-27 23:00:00,110.62320387045784
2025-05-28 00:00:00,99.20811704034783
2025-05-28 01:00:00,106.5128738939844
2025-05-28 02:00:00,120.62611807182482
2025-05-28 03:00:00,125.47352977181035
2025-05-28 04:00:00,120.31124944066973
2025-05-28 05:00:00,117.56407687380813
2025-05-28 06:00:00,131.7095011917836
2025-05-28 07:00:00,129.48502131567
2025-05-28 08:00:00,124.6138746772405
2025-05-28 09:00:00,116.55074137244769
2025-05-28 10:00:00,116.77997966695908
2025-05-28 11:00:00,112.99520266291636
2025-05-28 12:00:00,111.3515485280222
2025-05-28 13:00:00,112.21879477941279
2025-05-28 14:00:00,106.57844612240991
2025-05-28 15:00:00,95.90278082486795
2025-05-28 16:00:00,103.58664772692275
2025-05-28 17:00:00,98.08053745002672
2025-05-28 18:00:00,99.30436867864823
2025-05-28 19:00:00,103.16561469396652
2025-05-28 20:00:00,94.57657148893088
2025-05-28 21:00:00,101.48069413907159
2025-05-28 22:00:00,102.81419297202609
2025-05-28 23:00:00,102.4874988906082
2025-05-29 00:00:00,114.22079253422953
2025-05-29 01:00:00,126.94644716569601
2025-05-29 02:00:00,113.33260454181027
2025-05-29 03:00:00,123.83613047335345
2025-05-29 04:00:00,129.06746591388827
2025-05-29 05:00:00,128.64268551616587
2025-05-29 06:00:00,128.34565318094528
2025-05-29 07:00:00,123.21678671592191
2025-05-29 08:00:00,127.9626370267111
2025-05-29 09:00:00,121.72658374185286
2025-05-29 10:00:00,112.98271919664627
2025-05-29 11:00:00,122.98773701979624
2025-05-29 12:00:00,118.23449470833498
2025-05-29 13:00:00,110.78827042886621
2025-05-29 14:00:00,107.93217805537826
2025-05-29 15:00:00,108.24745298558396
2025-05-29 16:00:00,102.49354520178905
2025-05-29 17:00:00,103.73237799763103
2025-05-29 18:00:00,98.4227130117396
2025-05-29 19:00:00,105.36794729412198
2025-05-29 20:00:00,102.88673860088915
2025-05-29 21:00:00,104.7375023928678
2025-05-29 22:00:00,101.95045319266934
2025-05-29 23:00:00,111.7479727448732
2025-05-30 00:00:00,111.09535912643275
2025-05-30 01:00:00,115.6821691603139
2025-05-30 02:00:00,118.51053999322362
2025-05-30 03:00:00,120.5220409734873
2025-05-30 04:00:00,135.56762127942827
2025-05-30 05:00:00,133.77975859131033
2025-05-30 06:00:00,136.52409013447763
2025-05-30 07:00:00,123.30695192745245
2025-05-30 08:00:00,126.84217303060848
2025-05-30 09:00:00,118.8467908353509
2025-05-30 10:00:00,117.96940899090224
2025-05-30 11:00:00,113.29069056679022
2025-05-30 12:00:00,117.85897075191534
2025-05-30 13:00:00,107.2444045432449
2025-05-30 14:00:00,109.28761973706023
2025-05-30 15:00:00,104.11827579831362
2025-05-30 16:00:00,108.31894784270622
2025-05-30 17:00:00,91.46687927283708
2025-05-30 18:00:00,101.68194792414448
2025-05-30 19:00:00,101.50638640260257
2025-05-30 20:00:00,94.28346516700287
2025-05-30 21:00:00,104.3408416322057
2025-05-30 22:00:00,104.50908552471361
2025-05-30 23:00:00,105.61231626306135
2025-05-31 00:00:00,106.84353819890227
2025-05-31 01:00:00,110.87504657977016
2025-05-31 02:00:00,125.29389137316596
2025-05-31 03:00:00,119.92533256498176
2025-05-31 04:00:00,125.15256181451122
2025-05-31 05:00:00,120.07331386543886
2025-05-31 06:00:00,120.34007960433748
2025-05-31 07:00:00,126.98529568683341
2025-05-31 08:00:00,115.4674428187842
2025-05-31 09:00:00,116.52634321444022
2025-05-31 10:00:00,114.92068343303703
2025-05-31 11:00:00,111.31549095878489
2025-05-31 12:00:00,105.97406446123297
2025-05-31 13:00:00,104.09415377555226
2025-05-31 14:00:00,101.36772443711659
2025-05-31 15:00:00,98.13222709837187
2025-05-31 16:00:00,88.57191230293154
2025-05-31 17:00:00,89.58689836104499
2025-05-31 18:00:00,94.70043526087683
2025-05-31 19:00:00,93.72255256077972
2025-05-31 20:00:00,85.86539558828194
2025-05-31 21:00:00,94.86419351485021
2025-05-31 22:00:00,88.37333121507021
2025-05-31 23:00:00,99.81713042526775
2025-06-01 00:00:00,110.8326631227868
2025-06-01 01:00:00,103.06708303064062
2025-06-01 02:00:00,106.87907734801688
2025-06-01 03:00:00,116.12468604257019
2025-06-01 04:00:00,109.03268862264365
2025-06-01 05:00:00,113.92923216205327
2025-06-01 06:00:00,119.12162478792304
2025-06-01 07:00:00,113.45907564644018
2025-06-01 08:00:00,113.3326024194631
2025-06-01 09:00:00,114.65582580389398
2025-06-01 10:00:00,110.05295713445533
2025-06-01 11:00:00,105.61882553212476
2025-06-01 12:00:00,99.12375135936402
2025-06-01 13:00:00,97.89792116321615
2025-06-01 14:00:00,92.13375598250387
2025-06-01 15:00:00,91.19127630612908
2025-06-01 16:00:00,84.83598907115737
2025-06-01 17:00:00,84.45206729940031
2025-06-01 18:00:00,80.57842390648469
2025-06-01 19:00:00,84.78644241921147
2025-06-01 20:00:00,83.06833608071739
2025-06-01 21:00:00,84.13770870085978
2025-06-01 22:00:00,92.64347728752657
2025-06-01 23:00:00,95.99653423959585
2025-06-02 00:00:00,102.0891913459734
2025-06-02 01:00:00,101.05622359662632
2025-06-02 02:00:00,107.98238904242113
2025-06-02 03:00:00,111.62277087324345
2025-06-02 04:00:00,113.55637473676107
2025-06-02 05:00:00,109.95824813155753
2025-06-02 06:00:00,114.36568731644293
2025-06-02 07:00:00,114.72112860822652
2025-06-02 08:00:00,111.8134024955483
2025-06-02 09:00:00,101.08478363438725
2025-06-02 10:00:00,107.00695439593323
2025-06-02 11:00:00,111.64937283872202
2025-06-02 12:00:00,97.5397666986003
2025-06-02 13:00:00,92.2591986734307
2025-06-02 14:00:00,93.13186342487846
2025-06-02 15:00:00,89.8767483945442
2025-06-02 16:00:00,91.12032580930926
2025-06-02 17:00:00,79.93575040925285
2025-06-02 18:00:00,87.50823082188496
2025-06-02 19:00:00,87.59219073805781
2025-06-02 20:00:00,86.30699488124084
2025-06-02 21:00:00,90.77037155672843
2025-06-02 22:00:00,96.80578960915007
2025-06-02 23:00:00,99.9699157633486
2025-06-03 00:00:00,95.9748453304882
2025-06-03 01:00:00,107.90257135754337
2025-06-03 02:00:00,108.18210960499994
2025-06-03 03:00:00,112.0483751407552
2025-06-03 04:00:00,114.6507706796149
2025-06-03 05:00:00,115.48045199054789
2025-06-03 06:00:00,121.59159969580895
2025-06-03 07:00:00,116.21799447322216
2025-06-03 08:00:00,110.82202876221606
2025-06-03 09:00:00,111.59447064590951
2025-06-03 10:00:00,111.03487611197481
2025-06-03 11:00:00,111.8829453128956
2025-06-03 12:00:00,105.76511063282864
2025-06-03 13:00:00,96.34209110050955
2025-06-03 14:00:00,106.34553783900029
2025-06-03 15:00:00,94.63962567830795
2025-06-03 16:00:00,96.58435142839846
2025-06-03 17:00:00,89.66676571961118
2025-06-03 18:00:00,92.18818499686788
2025-06-03 19:00:00,94.2184615367515
2025-06-03 20:00:00,97.5286797117783
2025-06-03 21:00:00,99.56762802644522
2025-06-03 22:00:00,102.23327186377874
2025-06-03 23:00:00,101.4024147372747
2025-06-04 00:00:00,104.55904500559524
2025-06-04 01:00:00,112.35972672608445
2025-06-04 02:00:00,118.6800867727148
2025-06-04 03:00:00,117.46302073879902
2025-06-04 04:00:00,125.29684534493539
2025-06-04 05:00:00,128.64193781010636
2025-06-04 06:00:00,119.9720266524997
2025-06-04 07:00:00,120.07075207773488
2025-06-04 08:00:00,121.64776963481668
2025-06-04 09:00:00,121.34198458520073
2025-06-04 10:00:00,115.18901211948842
2025-06-04 11:00:00,119.35663684680955
2025-06-04 12:00:00,112.03559389988237
2025-06-04 13:00:00,106.88376036409716
2025-06-04 14:00:00,97.62832300663307
2025-06-04 15:00:00,95.26020501134253
2025-06-04 16:00:00,99.51588207221765
2025-06-04 17:00:00,88.60880952960086
2025-06-04 18:00:00,100.91783827803506
2025-06-04 19:00:00,96.97801902360906
2025-06-04 20:00:00,112.3064475096091
2025-06-04 21:00:00,111.16684460060907
2025-06-04 22:00:00,104.52539804472026
2025-06-04 23:00:00,108.64477172619047
2025-06-05 00:00:00,117.12746182406379
2025-06-05 01:00:00,124.02409454327453
2025-06-05 02:00:00,114.4519824343367
2025-06-05 03:00:00,117.13093420037977
2025-06-05 04:00:00,124.3283380956187
2025-06-05 05:00:00,130.7925061864827
2025-06-05 06:00:00,131.09684289728492
2025-06-05 07:00:00,133.00392113388705
2025-06-05 08:00:00,122.54388308573503
2025-06-05 09:00:00,115.80024734228661
2025-06-05 10:00:00,125.48564594201586
2025-06-05 11:00:00,115.20776619012892
2025-06-05 12:00:00,106.63818311565913
2025-06-05 13:00:00,111.47306464954468
2025-06-05 14:00:00,110.49976519967554
2025-06-05 15:00:00,103.77313555048215
2025-06-05 16:00:00,100.07597617419425
2025-06-05 17:00:00,99.79004199424865
2025-06-05 18:00:00,98.44149390987823
2025-06-05 19:00:00,95.03900703631216
2025-06-05 20:00:00,99.0560561334436
2025-06-05 21:00:00,106.35759738274433
2025-06-05 22:00:00,108.62859485726938
2025-06-05 23:00:00,111.58357169577944
2025-06-06 00:00:00,110.75376801324452
2025-06-06 01:00:00,117.82047056213261
2025-06-06 02:00:00,113.374965464964
2025-06-06 03:00:00,125.81207050087168
2025-06-06 04:00:00,133.0951496428608
2025-06-06 05:00:00,122.8690569594341
2025-06-06 06:00:00,126.81009257687592
2025-06-06 07:00:00,129.82614226476124
2025-06-06 08:00:00,131.87971171292145
2025-06-06 09:00:00,122.53910601521353
2025-06-06 10:00:00,118.2943703268752
2025-06-06 11:00:00,109.3986890750374
2025-06-06 12:00:00,113.62557038762671
2025-06-06 13:00:00,117.30881056047211
2025-06-06 14:00:00,106.43471939438984
2025-06-06 15:00:00,101.92385946747262
2025-06-06 16:00:00,100.70390522160179
2025-06-06 17:00:00,97.65147129384759
2025-06-06 18:00:00,93.70414062020306
2025-06-06 19:00:00,100.52492572795683
2025-06-06 20:00:00,99.39120975580339
2025-06-06 21:00:00,100.6939444382938
2025-06-06 22:00:00,99.5742247077428
2025-06-06 23:00:00,112.04743617486142
2025-06-07 00:00:00,113.10927427236996
2025-06-07 01:00:00,111.85098418034202
2025-06-07 02:00:00,121.41312554899585
2025-06-07 03:00:00,118.24350107985711
2025-06-07 04:00:00,119.2072109825881
2025-06-07 05:00:00,120.50928206643452
2025-06-07 06:00:00,116.68640032111819
2025-06-07 07:00:00,124.85470911575291
2025-06-07 08:00:00,113.85235129588374
2025-06-07 09:00:00,113.58460610524372
2025-06-07 10:00:00,106.79340489667929
2025-06-07 11:00:00,110.8369049245063
2025-06-07 12:00:00,106.40033890445696
2025-06-07 13:00:00,101.5152729426702
2025-06-07 14:00:00,94.73717377941131
2025-06-07 15:00:00,90.81592504703347
2025-06-07 16:00:00,94.68379013603487
2025-06-07 17:00:00,88.8324941701729
2025-06-07 18:00:00,91.49800024376019
2025-06-07 19:00:00,86.91415221023325
2025-06-07 20:00:00,92.39226750953738
2025-06-07 21:00:00,98.98256920695255
2025-06-07 22:00:00,98.94207855838788
2025-06-07 23:00:00,98.29091868840611
2025-06-08 00:00:00,104.58157408147085
2025-06-08 01:00:00,106.20717634584146
2025-06-08 02:00:00,110.55907341300941
2025-06-08 03:00:00,112.07730585193185
2025-06-08 04:00:00,114.85773700418669
2025-06-08 05:00:00,117.61980883813602
2025-06-08 06:00:00,113.07360858351453
2025-06-08 07:00:00,112.24388687348389
2025-06-08 08:00:00,109.03349529722789
2025-06-08 09:00:00,105.5891816888645
2025-06-08 10:00:00,103.80882517567561
2025-06-08 11:00:00,105.5005851184065
2025-06-08 12:00:00,97.22027355872368
2025-06-08 13:00:00,98.78331770330979
2025-06-08 14:00:00,93.0787248421585
2025-06-08 15:00:00,81.7972201569218
2025-06-08 16:00:00,89.75480265276275
2025-06-08 17:00:00,88.7367209235319
2025-06-08 18:00:00,80.87398752159966
2025-06-08 19:00:00,86.918422175063
2025-06-08 20:00:00,83.19752972984281
2025-06-08 21:00:00,89.2957591527471
2025-06-08 22:00:00,86.86202221253099
2025-06-08 23:00:00,88.28433247027111
2025-06-09 00:00:00,97.73761079197472
2025-06-09 01:00:00,102.59699323407483
2025-06-09 02:00:00,105.07064202486158
2025-06-09 03:00:00,104.99464149550451
2025-06-09 04:00:00,110.48886640115539
2025-06-09 05:00:00,114.64922501733568
2025-06-09 06:00:00,113.89984441111439
2025-06-09 07:00:00,114.30575469065079
2025-06-09 08:00:00,109.41541097034624
2025-06-09 09:00:00,114.42874907098415
2025-06-09 10:00:00,101.97148569806706
2025-06-09 11:00:00,105.0606730137252
2025-06-09 12:00:00,104.01867128971332
2025-06-09 13:00:00,97.40632258009441
2025-06-09 14:00:00,91.1395554220218
2025-06-09 15:00:00,86.82523051027268
2025-06-09 16:00:00,90.80491889607443
2025-06-09 17:00:00,79.58650647608778
2025-06-09 18:00:00,81.01339591431278
2025-06-09 19:00:00,83.95145457533087
2025-06-09 20:00:00,92.13737920329702
2025-06-09 21:00:00,91.24587597345125
2025-06-09 22:00:00,89.12695979296304
2025-06-09 23:00:00,95.55060656594266
2025-06-10 00:00:00,98.40081314664207
2025-06-10 01:00:00,102.093965785833
2025-06-10 02:00:00,112.66760540360305
2025-06-10 03:00:00,106.58108937588634
2025-06-10 04:00:00,121.10428928279258
2025-06-10 05:00:00,119.70552585072613
2025-06-10 06:00:00,121.49939953404171
2025-06-10 07:00:00,115.01229140876453
2025-06-10 08:00:00,115.01163354367965
2025-06-10 09:00:00,107.74716595593534
2025-06-10 10:00:00,108.5326307607111
2025-06-10 11:00:00,109.25188871052549
2025-06-10 12:00:00,108.84816728440566
2025-06-10 13:00:00,95.62678809253632
2025-06-10 14:00:00,95.25393756858907
2025-06-10 15:00:00,93.28651069771152
2025-06-10 16:00:00,86.2108148118783
2025-06-10 17:00:00,92.95020356520003
2025-06-10 18:00:00,87.46996983532206
2025-06-10 19:00:00,90.39020925821582
2025-06-10 20:00:00,91.15928652136076
2025-06-10 21:00:00,92.49198392630085
2025-06-10 22:00:00,99.02748706581202
2025-06-10 23:00:00,102.11150649202327
2025-06-11 00:00:00,105.66978078855045
2025-06-11 01:00:00,108.42663334231378
2025-06-11 02:00:00,116.53685631072975
2025-06-11 03:00:00,125.27955576012181
2025-06-11 04:00:00,121.90688955767939
2025-06-11 05:00:00,127.12712683205217
2025-06-11 06:00:00,118.38760577242593
2025-06-11 07:00:00,124.36066379434118
2025-06-11 08:00:00,118.13097973879982
2025-06-11 09:00:00,114.51501734656193
2025-06-11 10:00:00,114.64097768896737
2025-06-11 11:00:00,119.026606613242
2025-06-11 12:00:00,114.45057291273241
2025-06-11 13:00:00,108.0091742035971
2025-06-11 14:00:00,97.55234200679286
2025-06-11 15:00:00,100.0495288157476
2025-06-11 16:00:00,99.90982825094386
2025-06-11 17:00:00,98.15252009678159
2025-06-11 18:00:00,89.80329744978219
2025-06-11 19:00:00,94.36054615326556
2025-06-11 20:00:00,99.38894771888226
2025-06-11 21:00:00,104.39152638045923
2025-06-11 22:00:00,96.77786618155498
2025-06-11 23:00:00,108.7328069786438
2025-06-12 00:00:00,114.02851399181903
2025-06-12 01:00:00,120.92103520191472
2025-06-12 02:00:00,124.08671214527628
2025-06-12 03:00:00,126.91790448127841
2025-06-12 04:00:00,123.9278984352745
2025-06-12 05:00:00,121.14073044954081
2025-06-12 06:00:00,127.84832065125529
2025-06-12 07:00:00,133.04254575903207
2025-06-12 08:00:00,133.2276744535414
2025-06-12 09:00:00,128.21820234760003
2025-06-12 10:00:00,124.08213559625959
2025-06-12 11:00:00,120.35029301977899
2025-06-12 12:00:00,112.79884273041576
2025-06-12 13:00:00,110.68375163574117
2025-06-12 14:00:00,114.31452369435299
2025-06-12 15:00:00,100.8023152000465
2025-06-12 16:00:00,108.6776680260094
2025-06-12 17:00:00,99.4505614491101
2025-06-12 18:00:00,105.53673654010802
2025-06-12 19:00:00,95.11511859032889
2025-06-12 20:00:00,104.56957879031002
2025-06-12 21:00:00,101.63658036314573
2025-06-12 22:00:00,101.99199506831395
2025-06-12 23:00:00,112.09665178580337
2025-06-13 00:00:00,119.08343223928776
2025-06-13 01:00:00,115.4779006005455
2025-06-13 02:00:00,116.39834495314776
2025-06-13 03:00:00,125.04196793223745
2025-06-13 04:00:00,127.34116064074377
2025-06-13 05:00:00,131.2700471420676
2025-06-13 06:00:00,133.2633646998512
2025-06-13 07:00:00,128.58323756907734
2025-06-13 08:00:00,134.60153757863432
2025-06-13 09:00:00,125.540126602802
2025-06-13 10:00:00,119.98884876415504
2025-06-13 11:00:00,111.13929535253894
2025-06-13 12:00:00,112.47236293337663
2025-06-13 13:00:00,108.10614176249946
2025-06-13 14:00:00,109.4776878759038
2025-06-13 15:00:00,104.1740930247192
2025-06-13 16:00:00,95.0092826362491
2025-06-13 17:00:00,98.69603999953279
2025-06-13 18:00:00,99.95350594040612
2025-06-13 19:00:00,103.65511464704349
2025-06-13 20:00:00,102.34936267726015
2025-06-13 21:00:00,103.9780611920522
2025-06-13 22:00:00,104.02721593956248
2025-06-13 23:00:00,108.69783561306215
2025-06-14 00:00:00,115.7596660381064
2025-06-14 01:00:00,109.0427410841417
2025-06-14 02:00:00,116.31925196964757
2025-06-14 03:00:00,117.45469258261866
2025-06-14 04:00:00,124.16302057178298
2025-06-14 05:00:00,128.78016638320452
2025-06-14 06:00:00,121.69396053083254
2025-06-14 07:00:00,113.71850526844834
2025-06-14 08:00:00,119.83923097338584
2025-06-14 09:00:00,122.46345950262332
2025-06-14 10:00:00,117.5574596890412
2025-06-14 11:00:00,113.20511183115923
2025-06-14 12:00:00,106.19283068229169
2025-06-14 13:00:00,98.01711799478333
2025-06-14 14:00:00,101.27984498883531
2025-06-14 15:00:00,92.47891596488944
2025-06-14 16:00:00,101.87388075961721
2025-06-14 17:00:00,93.6279138746707
2025-06-14 18:00:00,88.2211568916461
2025-06-14 19:00:00,88.32078910942245
2025-06-14 20:00:00,91.60742285624409
2025-06-14 21:00:00,93.12263251384742
2025-06-14 22:00:00,101.3759336031826
2025-06-14 23:00:00,100.997421784494
2025-06-15 00:00:00,100.9374343886622
2025-06-15 01:00:00,115.04278292883285
2025-06-15 02:00:00,111.03596914455721
2025-06-15 03:00:00,116.76629190864757
2025-06-15 04:00:00,113.39335494219524
2025-06-15 05:00:00,118.53508108106448
2025-06-15 06:00:00,118.60266649066142
2025-06-15 07:00:00,109.05998815730565
2025-06-15 08:00:00,122.95994909864204
2025-06-15 09:00:00,117.46402709481744
2025-06-15 10:00:00,107.40035782421741
2025-06-15 11:00:00,100.76483927361177
2025-06-15 12:00:00,102.49285322015228
2025-06-15 13:00:00,97.38683378828999
2025-06-15 14:00:00,94.67372878564944
2025-06-15 15:00:00,90.74872973969467
2025-06-15 16:00:00,89.47104741734533
2025-06-15 17:00:00,91.59393228297876
2025-06-15 18:00:00,87.43303418570001
2025-06-15 19:00:00,81.3502171520891
2025-06-15 20:00:00,92.38495723457554
2025-06-15 21:00:00,95.77871904395404
2025-06-15 22:00:00,104.83942592264503
2025-06-15 23:00:00,91.27396529170012
2025-06-16 00:00:00,100.55159074727183
2025-06-16 01:00:00,95.07469735066404
2025-06-16 02:00:00,109.18514056908418
2025-06-16 03:00:00,107.84914567997362
2025-06-16 04:00:00,120.0934289732275
2025-06-16 05:00:00,110.78476927118417
2025-06-16 06:00:00,107.63386752398185
2025-06-16 07:00:00,112.00187874969036
2025-06-16 08:00:00,104.50510383154125
2025-06-16 09:00:00,113.05745837439311
2025-06-16 10:00:00,98.72703000350627
2025-06-16 11:00:00,103.53544529435781
2025-06-16 12:00:00,91.29104278269556
2025-06-16 13:00:00,94.51268213519923
2025-06-16 14:00:00,98.83434809774315
2025-06-16 15:00:00,90.69219340691342
2025-06-16 16:00:00,83.51777701627626
2025-06-16 17:00:00,85.46477536562466
2025-06-16 18:00:00,85.27714358825541
2025-06-16 19:00:00,87.7433901649185
2025-06-16 20:00:00,82.03051386437268
2025-06-16 21:00:00,92.40825766892297
2025-06-16 22:00:00,82.49275944483881
2025-06-16 23:00:00,94.5834823222711
2025-06-17 00:00:00,99.21619349747029
2025-06-17 01:00:00,107.7776122032996
2025-06-17 02:00:00,109.15375372432932
2025-06-17 03:00:00,106.75699282176122
2025-06-17 04:00:00,111.04037650083211
2025-06-17 05:00:00,117.4985102724235
2025-06-17 06:00:00,117.13086662841509
2025-06-17 07:00:00,114.85873616256912
2025-06-17 08:00:00,113.99924440619314
2025-06-17 09:00:00,116.57562834691917
2025-06-17 10:00:00,108.87169324174813
2025-06-17 11:00:00,107.23608748808334
2025-06-17 12:00:00,112.65484453384941
2025-06-17 13:00:00,94.67186795645407
2025-06-17 14:00:00,89.61977353447985
2025-06-17 15:00:00,97.33724938208263
2025-06-17 16:00:00,89.3905825197185
2025-06-17 17:00:00,89.6230396314425
2025-06-17 18:00:00,87.55248879401445
2025-06-17 19:00:00,90.44375324410058
2025-06-17 20:00:00,99.67241960163952
2025-06-17 21:00:00,99.16903492789801
2025-06-17 22:00:00,102.81574419952638
2025-06-17 23:00:00,97.62021972737394
2025-06-18 00:00:00,102.8637805157012
2025-06-18 01:00:00,100.29534833533909
2025-06-18 02:00:00,112.33241748751283
2025-06-18 03:00:00,122.8030825759399
2025-06-18 04:00:00,123.72630983356441
2025-06-18 05:00:00,122.56778406484588
2025-06-18 06:00:00,124.17047548241398
2025-06-18 07:00:00,121.28525901111081
2025-06-18 08:00:00,123.65067168853857
2025-06-18 09:00:00,123.79741331885859
2025-06-18 10:00:00,111.44609931340703
2025-06-18 11:00:00,115.76878317118424
2025-06-18 12:00:00,114.69143222611925
2025-06-18 13:00:00,105.68793730377462
2025-06-18 14:00:00,106.79712983908162
2025-06-18 15:00:00,112.40445234343517
2025-06-18 16:00:00,98.59684018763602
2025-06-18 17:00:00,99.33478652273413
2025-06-18 18:00:00,94.53742659330601
2025-06-18 19:00:00,98.95800533999933
2025-06-18 20:00:00,101.79752841965247
2025-06-18 21:00:00,103.336915247717
2025-06-18 22:00:00,101.7947793313682
2025-06-18 23:00:00,110.51793311010924
2025-06-19 00:00:00,119.61628581141946
2025-06-19 01:00:00,119.62831345015383
2025-06-19 02:00:00,125.4744137088598
2025-06-19 03:00:00,123.9507544702412
2025-06-19 04:00:00,130.43844456402402
2025-06-19 05:00:00,130.20099349514626
2025-06-19 06:00:00,125.92807190499825
2025-06-19 07:00:00,130.6212856216402
2025-06-19 08:00:00,123.99825283392738
2025-06-19 09:00:00,123.15566798311528
2025-06-19 10:00:00,123.433268678469
2025-06-19 11:00:00,120.33189466400246
2025-06-19 12:00:00,110.57757100139901
2025-06-19 13:00:00,115.73111903893077
2025-06-19 14:00:00,110.23745384849494
2025-06-19 15:00:00,102.06481662501723
2025-06-19 16:00:00,96.37939682161992
2025-06-19 17:00:00,100.47023889499955
2025-06-19 18:00:00,98.76241639252942
2025-06-19 19:00:00,101.50612360077778
2025-06-19 20:00:00,101.08467848527525
2025-06-19 21:00:00,96.86501660820215
2025-06-19 22:00:00,106.41085922705045
2025-06-19 23:00:00,110.31122231613219
2025-06-20 00:00:00,117.89137232824754
2025-06-20 01:00:00,116.37605080072274
2025-06-20 02:00:00,129.4202906327189
2025-06-20 03:00:00,118.07396793121507
2025-06-20 04:00:00,133.24675509130998
2025-06-20 05:00:00,128.49067589258306
2025-06-20 06:00:00,133.2145090480138
2025-06-20 07:00:00,129.45128737464827
2025-06-20 08:00:00,132.0489296078067
2025-06-20 09:00:00,123.40492291069512
2025-06-20 10:00:00,117.29125623171979
2025-06-20 11:00:00,123.57876508227972
2025-06-20 12:00:00,113.3802615753579
2025-06-20 13:00:00,110.64910658288605
2025-06-20 14:00:00,110.88665949120242
2025-06-20 15:00:00,98.5075207043221
2025-06-20 16:00:00,102.41990585758404
2025-06-20 17:00:00,95.9586265722831
2025-06-20 18:00:00,97.04988697515873
2025-06-20 19:00:00,98.14328821527612
2025-06-20 20:00:00,93.10964250606153
2025-06-20 21:00:00,98.13050954776926
2025-06-20 22:00:00,109.50234667500169
2025-06-20 23:00:00,111.00053548995476
2025-06-21 00:00:00,110.82227127022026
2025-06-21 01:00:00,115.65752765235597
2025-06-21 02:00:00,116.8512224002141
2025-06-21 03:00:00,126.2824842652029
2025-06-21 04:00:00,122.1561809299487
2025-06-21 05:00:00,125.09782919338737
2025-06-21 06:00:00,128.9771613985314
2025-06-21 07:00:00,120.48141994318955
2025-06-21 08:00:00,128.03445383571702
2025-06-21 09:00:00,112.99890207982568
2025-06-21 10:00:00,122.23669174593817
2025-06-21 11:00:00,110.31284764835422
2025-06-21 12:00:00,106.65319204273725
2025-06-21 13:00:00,95.8843833991759
2025-06-21 14:00:00,97.71067197707517
2025-06-21 15:00:00,91.9680002251659
2025-06-21 16:00:00,91.01809158884723
2025-06-21 17:00:00,91.1078243223442
2025-06-21 18:00:00,94.68609970400006
2025-06-21 19:00:00,91.90792664882541
2025-06-21 20:00:00,93.52108944054956
2025-06-21 21:00:00,90.00974579079927
2025-06-21 22:00:00,93.69676528689894
2025-06-21 23:00:00,107.75784032317068
2025-06-22 00:00:00,101.23434034948737
2025-06-22 01:00:00,114.41703634068324
2025-06-22 02:00:00,110.17767416720017
2025-06-22 03:00:00,114.01126809359309
2025-06-22 04:00:00,120.41890475714108
2025-06-22 05:00:00,122.48137140208672
2025-06-22 06:00:00,117.2261594292188
2025-06-22 07:00:00,115.37679625585012
2025-06-22 08:00:00,114.98635000695637
2025-06-22 09:00:00,113.96446250830124
2025-06-22 10:00:00,112.86553698052866
2025-06-22 11:00:00,105.50202081566046
2025-06-22 12:00:00,103.88933510127586
2025-06-22 13:00:00,103.90466506396137
2025-06-22 14:00:00,95.08747458470098
2025-06-22 15:00:00,91.54021472318547
2025-06-22 16:00:00,81.68162330400894
2025-06-22 17:00:00,75.59297208234142
2025-06-22 18:00:00,87.02530742635241
2025-06-22 19:00:00,85.48072536685191
2025-06-22 20:00:00,85.18675826831368
2025-06-22 21:00:00,90.50156475099102
2025-06-22 22:00:00,92.30076721205647
2025-06-22 23:00:00,100.59024557143825
2025-06-23 00:00:00,100.23568931195412
2025-06-23 01:00:00,100.72658216738677
2025-06-23 02:00:00,111.24439204364889
2025-06-23 03:00:00,109.48460571710308
2025-06-23 04:00:00,114.81697567286216
2025-06-23 05:00:00,112.28476947073396
2025-06-23 06:00:00,112.1024752781075
2025-06-23 07:00:00,114.5347897774893
2025-06-23 08:00:00,112.7695526348303
2025-06-23 09:00:00,112.28355184207915
2025-06-23 10:00:00,106.22396231954086
2025-06-23 11:00:00,96.38735897878888
2025-06-23 12:00:00,98.18237767201202
2025-06-23 13:00:00,99.28033036616627
2025-06-23 14:00:00,91.38251430180085
2025-06-23 15:00:00,88.57525137535991
2025-06-23 16:00:00,91.22844060400553
2025-06-23 17:00:00,83.05287955659138
2025-06-23 18:00:00,79.34504637135252
2025-06-23 19:00:00,85.52152744768857
2025-06-23 20:00:00,85.87243465674626
2025-06-23 21:00:00,86.48418643876772
2025-06-23 22:00:00,92.91999529190252
2025-06-23 23:00:00,99.38022626496097
2025-06-24 00:00:00,101.44331776524919
2025-06-24 01:00:00,106.78341233400378
2025-06-24 02:00:00,116.62804425193075
2025-06-24 03:00:00,111.31891273520331
2025-06-24 04:00:00,116.40492668692582
2025-06-24 05:00:00,114.97811992808404
2025-06-24 06:00:00,114.37288026057182
2025-06-24 07:00:00,115.14678513168694
2025-06-24 08:00:00,114.31872842240185
2025-06-24 09:00:00,115.54004269271611
2025-06-24 10:00:00,120.64994982427365
2025-06-24 11:00:00,105.03546186334466
2025-06-24 12:00:00,102.61978010331043
2025-06-24 13:00:00,100.42528959579316
2025-06-24 14:00:00,98.9215229998629
2025-06-24 15:00:00,95.56827711495293
2025-06-24 16:00:00,97.55272108493324
2025-06-24 17:00:00,81.50160460451823
2025-06-24 18:00:00,81.44057797000241
2025-06-24 19:00:00,89.81062426337584
2025-06-24 20:00:00,97.97865104767597
2025-06-24 21:00:00,90.00911211125036
2025-06-24 22:00:00,87.64750393745084
2025-06-24 23:00:00,105.88102871966535
2025-06-25 00:00:00,108.75420750096768
2025-06-25 01:00:00,107.6020124903306
2025-06-25 02:00:00,111.93896551320753
2025-06-25 03:00:00,115.40847809610577
2025-06-25 04:00:00,122.41184818471176
2025-06-25 05:00:00,121.25975915616817
2025-06-25 06:00:00,126.54711543743446
2025-06-25 07:00:00,112.93347767404121
2025-06-25 08:00:00,119.71541184266604
2025-06-25 09:00:00,116.54086750153994
2025-06-25 10:00:00,117.19546689380711
2025-06-25 11:00:00,112.7291845301194
2025-06-25 12:00:00,114.4642510061289
2025-06-25 13:00:00,100.22217451723314
2025-06-25 14:00:00,104.48747644016768
2025-06-25 15:00:00,103.69036340263958
2025-06-25 16:00:00,106.75198425007723
2025-06-25 17:00:00,96.14567758258573
2025-06-25 18:00:00,99.09867248960803
2025-06-25 19:00:00,91.32873266358835
2025-06-25 20:00:00,90.69980024671625
2025-06-25 21:00:00,106.24782653401046
2025-06-25 22:00:00,106.16250257985561
2025-06-25 23:00:00,114.71771992824861
2025-06-26 00:00:00,108.58507364491741
2025-06-26 01:00:00,120.22456209445824
2025-06-26 02:00:00,129.4129194589951
2025-06-26 03:00:00,126.88880792796543
2025-06-26 04:00:00,128.8563527729386
2025-06-26 05:00:00,129.42932960982424
2025-06-26 06:00:00,123.75937213948998
2025-06-26 07:00:00,135.08067648953207
2025-06-26 08:00:00,125.83279207271586
2025-06-26 09:00:00,128.01630525243442
2025-06-26 10:00:00,116.73500136725985
2025-06-26 11:00:00,114.7362620566961
2025-06-26 12:00:00,121.38603360284169
2025-06-26 13:00:00,110.43714994261646
2025-06-26 14:00:00,114.07371378371151
2025-06-26 15:00:00,104.88199087547223
2025-06-26 16:00:00,95.47332805983096
2025-06-26 17:00:00,104.92931075449822
2025-06-26 18:00:00,98.49780512119798
2025-06-26 19:00:00,104.15950017087965
2025-06-26 20:00:00,102.94917174430475
2025-06-26 21:00:00,99.03355428365788
2025-06-26 22:00:00,108.93260918598472
2025-06-26 23:00:00,120.6297744732641
2025-06-27 00:00:00,117.63985720745328
2025-06-27 01:00:00,119.24996163139258
2025-06-27 02:00:00,127.31814869130064
2025-06-27 03:00:00,126.87438713888159
2025-06-27 04:00:00,129.1514051653976
2025-06-27 05:00:00,125.3326342317048
2025-06-27 06:00:00,131.02274480604441
2025-06-27 07:00:00,133.58503824832803
2025-06-27 08:00:00,124.4576419995505
2025-06-27 09:00:00,130.96353719813968
2025-06-27 10:00:00,121.63009698009587
2025-06-27 11:00:00,114.65685303128664
2025-06-27 12:00:00,118.13589561081604
2025-06-27 13:00:00,108.92687888968479
2025-06-27 14:00:00,109.296894529213
2025-06-27 15:00:00,101.7794902879112
2025-06-27 16:00:00,100.10982083715331
2025-06-27 17:00:00,100.6036295597187
2025-06-27 18:00:00,99.05333577234272
2025-06-27 19:00:00,90.18322837617843
2025-06-27 20:00:00,94.93673813571858
2025-06-27 21:00:00,105.27468080246138
2025-06-27 22:00:00,103.88069189398746
2025-06-27 23:00:00,105.6720286687742
2025-06-28 00:00:00,105.94971666274697
2025-06-28 01:00:00,110.67727167744842
2025-06-28 02:00:00,110.25218100715924
2025-06-28 03:00:00,120.76221099132974
2025-06-28 04:00:00,120.87502406304634
2025-06-28 05:00:00,120.61529240515353
2025-06-28 06:00:00,124.43173026553764
2025-06-28 07:00:00,125.35797155023015
2025-06-28 08:00:00,130.48327197081494
2025-06-28 09:00:00,113.38439718479424
2025-06-28 10:00:00,120.66683053893459
2025-06-28 11:00:00,116.00713937247089
2025-06-28 12:00:00,104.81879922077674
2025-06-28 13:00:00,104.56855104649698
2025-06-28 14:00:00,98.01050099348373
2025-06-28 15:00:00,97.1811638151941
2025-06-28 16:00:00,99.79638416820674
2025-06-28 17:00:00,94.39067626027098
2025-06-28 18:00:00,93.20054988328828
2025-06-28 19:00:00,89.66745910765094
2025-06-28 20:00:00,86.66533931149485
2025-06-28 21:00:00,93.86913364826482
2025-06-28 22:00:00,102.35739740901006
2025-06-28 23:00:00,94.76545196765423
2025-06-29 00:00:00,100.26597016008103
2025-06-29 01:00:00,108.60845742163774
2025-06-29 02:00:00,107.52248296757912
2025-06-29 03:00:00,111.14320570480294
2025-06-29 04:00:00,114.75423293355551
2025-06-29 05:00:00,112.2425152418181
2025-06-29 06:00:00,114.08410542971598
2025-06-29 07:00:00,120.0546632813326
2025-06-29 08:00:00,110.29173581636881
2025-06-29 09:00:00,106.53232700163906
2025-06-29 10:00:00,107.09140545915939
2025-06-29 11:00:00,108.72410653396845
2025-06-29 12:00:00,100.9372858214444
2025-06-29 13:00:00,95.80408496666365
2025-06-29 14:00:00,94.05085446994973
2025-06-29 15:00:00,83.62195671197314
2025-06-29 16:00:00,90.04727236371508
2025-06-29 17:00:00,87.96081589951817
2025-06-29 18:00:00,84.14575375729528
2025-06-29 19:00:00,90.19490348340778
2025-06-29 20:00:00,83.04708771640577
2025-06-29 21:00:00,94.35026305150707
2025-06-29 22:00:00,93.47153993547245
2025-06-29 23:00:00,95.04409735363417
